date,export,gdp_growth,exchange_rate,gold_price,gas_price,korea_lead,usa_lead,china_lead,brent_price
2010-01-01,532120,3.7692307692307687,-0.03811246972305833,-0.6308427847200181,1.5674588665447904,2.185557216594138,-0.5754514344339708,1.172923348017123,0.0025575447570332344
2010-02-01,499905,3.7692307692307687,0.17503720780926124,-0.6770752166844635,1.3349177330895798,2.037354384144632,-0.32342053456250797,1.1282395492752209,-0.05370843989769826
2010-03-01,596361,3.7692307692307687,-0.05188665479907707,-0.6411743768818602,0.644606946983547,1.8898727333615453,-0.1551749902654982,1.0160335657677821,0.06440362706347351
2010-04-01,584056,3.923076923076922,-0.29153412904543885,-0.5790886265908634,0.6819012797074957,1.746988615701904,-0.08693971851817907,0.8536327816736076,0.2036735642873748
2010-05-01,632723,3.923076923076922,0.2454256281553665,-0.46315161659596177,0.9897623400365635,1.6038340549173458,-0.10856330067828619,0.6636769883552635,-0.0025575447570332344
2010-06-01,613076,3.923076923076922,0.8199725683602285,-0.4128596577299356,1.190859232175503,1.4479686672621062,-0.1813874378327479,0.48082095417035037,-0.030225528946756498
2010-07-01,615839,2.1538461538461533,0.7612571862141407,-0.4844304637672795,1.4153564899451558,1.2668619212821537,-0.2426430067339196,0.3387264741711099,-0.011160195303417901
2010-08-01,604892,2.1538461538461533,0.4416494002976628,-0.4480486373649633,0.6058500914076784,1.0718724282235854,-0.24412763965975018,0.2583452851009564,0.02278539874447812
2010-09-01,553062,2.1538461538461533,0.2909504771354358,-0.3460025203697824,0.6468007312614261,0.8787760370393711,-0.17487047771672823,0.24374857751193077,0.0413857242501744
2010-10-01,584277,2.538461538461538,-0.21752706685732615,-0.20174501938375983,0.76819012797075,0.7188540025105328,-0.048281419605107394,0.28550310500297654,0.15368518949081605
2010-11-01,598320,2.538461538461538,-0.185426211807278,-0.14818235163968332,0.8720292504570385,0.626903340041858,0.12410952831599843,0.36072083288517504,0.21436875145315037
2010-12-01,600813,2.538461538461538,0.06379315376309472,-0.10991505776649087,1.0365630712979896,0.6046368560911151,0.30643016398784534,0.44884721373725406,0.3578237619158335
2011-01-01,605345,1.846153846153846,-0.2569819359733866,-0.15868709897742256,1.047531992687386,0.6193309325444429,0.46038852649204215,0.5357323779576217,0.47570332480818395
2011-02-01,543474,1.846153846153846,-0.27951089969941845,-0.13842794339749706,0.76745886654479,0.6095949800477571,0.5522622393702453,0.6107018625134751,0.6431062543594511
2011-03-01,685815,1.846153846153846,-0.22920010505734364,-0.04825257568324134,1.024862888482633,0.5299044059082356,0.5475384073334792,0.6637266370205268,0.8970006975122063
2011-04-01,668010,0.6153846153846151,-0.6448769953599686,0.0608736640597195,1.2508226691042055,0.3802592101258911,0.44313207884754063,0.6857706443998695,1.0974192048360845
2011-05-01,678358,0.6153846153846151,-0.6833980214200258,0.12521043163737447,1.2274223034734923,0.16778106165662354,0.25051541743027217,0.6729612887605227,0.9051383399209484
2011-06-01,664658,0.6153846153846151,-0.7098958181340653,0.15724413917828256,1.0138939670932359,-0.09227704725477771,-0.00816740918682015,0.6227664881737867,0.8781678679376888
2011-07-01,709731,0.07692307692307697,-0.9640178597484462,0.23316306407703496,0.8464351005484461,-0.38057843317737394,-0.28411632392196146,0.5400021631707373,0.9511741455475469
2011-08-01,666203,0.07692307692307697,-0.8044474275542061,0.5947495502775296,0.7798903107861065,-0.686260297260736,-0.514031977482547,0.4317184242195284,0.7942338990932339
2011-09-01,643776,0.07692307692307697,-0.27402457174541256,0.6302463613363731,0.49616087751371135,-0.9829093609721525,-0.6336316922744729,0.3142000335283306,0.8549174610555683
2011-10-01,682962,-0.30769230769230754,0.15601015554323408,0.42549998557040225,0.6921389396709328,-1.2441303753206552,-0.6141482952412186,0.1986179407826159,0.7786561264822133
2011-11-01,671783,-0.30769230769230754,-0.1141039484051722,0.5573095533558438,0.4113345521023767,-1.4349279999431535,-0.47467956447427684,0.09882412359236768,0.8070216228784002
2011-12-01,669370,-0.30769230769230754,0.06262584994309403,0.3838657854992161,0.0010968921389397127,-1.5158716272280692,-0.26506674819820625,0.024112812095909198,0.739595442920251
2012-01-01,664614,-0.3846153846153845,0.04394898882306443,0.3812107394687987,-0.3542961608775136,-1.4917120414029723,-0.05568530328720645,-0.021762554612440893,0.8051615903278305
2012-02-01,624967,-0.3846153846153845,-0.21869437067732947,0.5727011245466704,-0.27166361974405834,-1.3920176907911044,0.0911101873734821,-0.049769366690558564,1.0060451057893511
2012-03-01,725597,-0.3846153846153845,-0.18892812326728273,0.4412955855049877,-0.6299817184643511,-1.2663698149589118,0.14877950011613275,-0.07581009162402944,1.1483375959079283
2012-04-01,733184,-0.30769230769230754,-0.07628330463711537,0.39002241397554677,-0.5137111517367458,-1.14997109399857,0.12105349820242375,-0.09994430781118083,1.0158102766798418
2012-05-01,776172,-0.30769230769230754,0.14223597046721267,0.2646388271622752,-0.41352833638025577,-1.0700371210466437,0.03083794677385077,-0.11514672911648731,0.7970239479190885
2012-06-01,705322,-0.30769230769230754,0.2734409198354096,0.2855136455898341,-0.11956124314442414,-1.0321750835595422,-0.0825822244761072,-0.11963993332330568,0.44408277144850017
2012-07-01,727729,-0.3846153846153845,0.01488312370502073,0.2813002029763452,0.16197440585009162,-1.0350868545377188,-0.17003095999743367,-0.1125798931220881,0.6175308067891188
2012-08-01,655590,-0.3846153846153845,-0.12134123208918178,0.3526401354458265,-0.1378427787934186,-1.0476985189292485,-0.2055271835879496,-0.0919061889041683,0.8672401767030922
2012-09-01,717103,-0.3846153846153845,-0.2020019260513037,0.5686993160370551,0.24314442413162712,-1.0497809309910466,-0.17495724197862803,-0.05413348436767947,0.855614973262032
2012-10-01,709966,-0.30769230769230754,-0.41036565792161517,0.5710080517156793,0.5151736745886658,-1.0383682311199252,-0.10345384969975843,0.007574841694879052,0.8288770053475932
2012-11-01,706466,-0.30769230769230754,-0.6369393293839559,0.532971631410349,0.4193784277879344,-1.0026426943196078,-0.00845662339316199,0.09271733776430983,0.7672634271099743
2012-12-01,698187,-0.30769230769230754,-0.7600898823941401,0.4628630246361336,0.26581352833638044,-0.930452409510862,0.11147086749928192,0.19653269684132854,0.777261102069286
2013-01-01,711314,-0.5384615384615384,-0.8957305862783449,0.4350619991727034,0.25703839122486305,-0.8380239641881855,0.25041901269482486,0.3064051930811347,0.8579400139502438
2013-02-01,653259,-0.5384615384615384,-0.6467446814719696,0.35246698026992984,0.364533820840951,-0.7175595815833989,0.3925195927394035,0.39934749446428275,0.9297837712159961
2013-03-01,769567,-0.5384615384615384,-0.4655791286076982,0.2820505420718978,0.7579524680073129,-0.5684462572800422,0.5123506788964002,0.46557881393283745,0.7535456870495232
2013-04-01,763463,0.07692307692307697,-0.2364373887413559,0.08465364154954645,0.991224862888483,-0.42727494607813055,0.6239873625406382,0.5053970434783931,0.6089281562427341
2013-05-01,755191,0.07692307692307697,-0.3667084950535496,-0.05700653179802433,0.7287020109689216,-0.3185387803235223,0.7339851656823411,0.5277389428493442,0.6161357823761915
2013-06-01,758860,0.07692307692307697,-0.08025213762512036,-0.202783950439141,0.4223034734917735,-0.2611146901347438,0.8203638086402273,0.5443712457143867,0.6245059288537549
2013-07-01,756141,0.5384615384615384,-0.1734029824612603,-0.30892807326387883,0.33528336380255974,-0.2640084315712668,0.8718439373673763,0.5610531972446997,0.7409904673331783
2013-08-01,725111,0.5384615384615384,-0.29305162401143975,-0.1903552567025484,0.43400365630713,-0.3006444602254477,0.9009581674714823,0.5785295274193042,0.8188793303882816
2013-09-01,705494,0.5384615384615384,-0.6389237458779597,-0.18340981020268765,0.4186471663619747,-0.3590421456638833,0.9131051641374424,0.5913388830586509,0.82631946059056
2013-10-01,726446,0.769230769230769,-0.878804680888319,-0.25440343232037566,0.43400365630713,-0.41282426843723297,0.9175397819678666,0.5919843157071453,0.7677284352476167
2013-11-01,748361,0.769230769230769,-0.9252633729243889,-0.32547401229401773,0.7067641681901283,-0.4418338009690128,0.9224564234755135,0.5730681742397407,0.7377354103696815
2013-12-01,761891,0.769230769230769,-0.997052557854495,-0.4310986695910652,0.908592321755028,-0.4386696164075858,0.9166721393488684,0.5316611874055809,0.8067891188095792
2014-01-01,755495,0.6153846153846151,-0.9027344091983543,-0.39354323588544826,1.429981718464351,-0.42303800378790773,0.905778404243682,0.46746546321305016,0.7454080446407811
2014-02-01,684592,0.6153846153846151,-0.8262760089882402,-0.28564832183775374,1.1857404021937847,-0.41256284008314925,0.9230348518881835,0.3902617887200981,0.7635433620088351
2014-03-01,786424,0.6153846153846151,-0.8310619546502457,-0.2115956249458891,1.0117001828153571,-0.4173136243106936,0.968827101224121,0.3071002743948924,0.7305277842362241
2014-04-01,804291,0.4615384615384615,-1.1385297808387085,-0.28655257664521483,1.3363802559414997,-0.4421222736355831,1.024356228839905,0.22632189600258962,0.7370378981632179
2014-05-01,784167,0.4615384615384615,-1.3668544080310503,-0.3066193375852547,1.1367458866544793,-0.4750442167076958,1.0723657870910615,0.15368589871436864,0.7784236224133922
2014-06-01,805832,0.4615384615384615,-1.432573613097149,-0.3212605696805288,1.0775137111517372,-0.49728365634595223,1.1061074444964862,0.0915754184631253,0.8309695419669842
2014-07-01,800858,0.0,-1.4259199813231396,-0.25975200330918785,0.6241316270566731,-0.4926500641392001,1.1210501784903215,0.04450848378832731,0.7140199953499184
2014-08-01,783387,0.0,-1.362535383897045,-0.29226669744980927,0.7879341864716642,-0.44351054834343573,1.1202789406067706,0.015528557870943144,0.5940478958381771
2014-09-01,749717,0.0,-1.270551842880906,-0.40081575327311375,0.8288848263254119,-0.35125338366653724,1.1064930634382617,0.0008970962162324649,0.48895605673099274
2014-10-01,804653,-0.30769230769230754,-0.954912889952433,-0.42936711783209747,0.6475319926873861,-0.2205301918569103,1.0756435480961595,0.005355546357365776,0.2643571262497094
2014-11-01,802223,-0.30769230769230754,-0.5484576998278241,-0.5235442940559675,0.8047531992687389,-0.06029264034900236,1.0269591566968994,0.031311868559888205,0.07858637526156696
2014-12-01,788747,-0.30769230769230754,-0.4407155572416623,-0.47713870691562543,-0.07202925045703842,0.09953924647154315,0.9560052714100573,0.07876606282378565,-0.3189955824226923
2015-01-01,801580,-0.2307692307692306,-0.6212974581959334,-0.37942146931786497,-0.216819012797075,0.22322190226272987,0.8646135822090631,0.13690464985352185,-0.6579865147640084
2015-02-01,743400,-0.2307692307692306,-0.5099366737677642,-0.40716477638933013,-0.1853747714808043,0.30967355452494166,0.7606892774003472,0.20075283338917368,-0.41757730760288303
2015-03-01,861015,-0.2307692307692306,-0.3445297224735179,-0.5123084470866642,-0.2541133455210236,0.35862376013326175,0.6576326152106294,0.2661897742134227,-0.4689607068123692
2015-04-01,829294,-0.846153846153846,-0.6236320658359348,-0.4762921705001299,-0.1729433272394881,0.3701626667959957,0.5566968572006695,0.31712930477918694,-0.384561729830272
2015-05-01,826986,-0.846153846153846,-0.5931654361338903,-0.47802372225909806,-0.2526508226691042,0.35168238659396023,0.4496876008577502,0.3278534164772463,-0.27853987444780287
2015-06-01,801829,-0.846153846153846,-0.3488487466075231,-0.5090762171365906,-0.11371115173674588,0.3149021216065006,0.331302585732408,0.28897851157179355,-0.33899093234131605
2015-07-01,806588,0.3846153846153845,0.013248898357019765,-0.6065048627745233,-0.1985374771480802,0.28434204849191036,0.17991822966457685,0.21644181161410636,-0.45338293420134845
2015-08-01,821525,0.3846153846153845,0.43207750897364655,-0.6328436889748255,-0.21828153564899438,0.2649602912068444,0.006013727396998048,0.13620956853975705,-0.6868170192978376
2015-09-01,812074,0.3846153846153845,0.49814690518574656,-0.6209344607659232,-0.3389396709323582,0.2578386222509317,-0.16281988578621545,0.06536092320121499,-0.6612415717275053
2015-10-01,798566,0.4615384615384615,0.07114716782910703,-0.5565784537242793,-0.4873857404021936,0.2506268055867262,-0.3024621450769706,0.010345237216881362,-0.6424087421529877
2015-11-01,784876,0.4615384615384615,0.11538798260717295,-0.6887728107894916,-0.5502742230347349,0.2385470126741714,-0.41964210100924926,-0.03513294016931943,-0.7391304347826085
2015-12-01,803276,0.4615384615384615,0.3520004669215276,-0.7278096832222255,-0.4756855575868371,0.22232042517969935,-0.5195366878763976,-0.07954367125224132,-0.8846779818646826
2016-01-01,791241,0.0,0.6955379811480435,-0.6760940040210482,-0.5042047531992687,0.20888841664261162,-0.5991091565119498,-0.12078185262449022,-1.054638456172983
2016-02-01,798250,0.0,0.8785712201243162,-0.4838532798476236,-0.93345521023766,0.21582979018191312,-0.6521703229003767,-0.14930004595487634,-1.0202278539874448
2016-03-01,823520,0.0,0.5384188869758075,-0.39121526074283564,-0.7521023765996343,0.2477420789210491,-0.6686844540819423,-0.16157319600931938,-0.8800279004882585
2016-04-01,790462,0.6923076923076921,0.06332623223509444,-0.39521706925245087,-0.5919561243144424,0.2964218414044523,-0.667074495000022,-0.16002415765293568,-0.8016740292955127
2016-05-01,818510,0.6923076923076921,0.34347914903551463,-0.36524198435831573,-0.5115173674588667,0.3601562711744059,-0.6626687985902265,-0.1465991585642583,-0.6817019297837711
2016-06-01,815213,0.6923076923076921,0.33168938045349705,-0.329533539195598,-0.046435100548446,0.44038773156373545,-0.6611552442437536,-0.11660639987538704,-0.6465938153917693
2016-07-01,854864,0.0,0.02340444159103372,-0.21080680692235906,-0.0815356489945155,0.5343216436150696,-0.644679674956364,-0.06774714838438169,-0.7233201581027667
2016-08-01,804086,0.0,-0.354918726471532,-0.20432310755822355,-0.07349177330895783,0.6396141669125265,-0.6009119250647509,-0.005423178872485395,-0.7026272959776795
2016-09-01,763318,0.0,-0.403828756529606,-0.2306426942945372,-0.0595978062157219,0.7437347700020489,-0.5159407912443429,0.06893562710056576,-0.6856544989537317
2016-10-01,822530,-0.15384615384615394,-0.19616540695129495,-0.34883072157609685,0.028153564899451543,0.8404632610107673,-0.3940755651694744,0.1458414096019023,-0.6170657986514763
2016-11-01,838673,-0.15384615384615394,0.2282662620013431,-0.39785287581887974,0.26654478976234014,0.9467474090995475,-0.2506060378815937,0.21698794693205986,-0.7284352476168333
2016-12-01,802793,-0.15384615384615394,0.46919777044970296,-0.5692764999567116,0.5385740402193788,1.0729542007232145,-0.10496740404623141,0.2744811013133088,-0.5289467565682399
2017-01-01,775470,0.3846153846153845,0.5021157381737515,-0.49328061720200506,0.09469835466179173,1.2046600025533443,0.01296450882251681,0.3170300074486532,-0.49941873982794704
2017-02-01,757734,0.3846153846153845,0.03309306329705006,-0.412070839706406,-0.15612431444241304,1.3223027618882601,0.09074384937880162,0.3450815033255128,-0.4926761218321321
2017-03-01,859707,0.3846153846153845,-0.0853882744331287,-0.4174963685511723,0.1480804387568557,1.4065007214429084,0.12866947230249862,0.36072083288517504,-0.568937456405487
2017-04-01,882913,0.0,-0.10920127236116399,-0.34317431916346797,0.21096892138939674,1.4446332020549137,0.14144309974883856,0.36970724129882593,-0.5521971634503603
2017-05-01,902550,0.0,-0.19616540695129495,-0.38546266101026416,0.06106032906764195,1.4358888743495641,0.1487120168013279,0.3785447037166655,-0.5982329690769589
2017-06-01,874598,0.0,-0.14060174511921172,-0.35981645551354946,0.03473491773308982,1.3890120660321963,0.16558284550404026,0.3905100320464432,-0.6903045803301558
2017-07-01,902247,0.8461538461538457,-0.0897072985671339,-0.4079920733408367,-0.14149908592321742,1.3015687889786611,0.19807124134869147,0.4019788737235307,-0.6412462218088817
2017-08-01,852722,0.8461538461538457,-0.13184696646919858,-0.3162005906515444,0.038391224862888644,1.1823033708942956,0.2703747929317543,0.4066458482587956,-0.5663799116484538
2017-09-01,842925,0.8461538461538457,-0.12250853590918512,-0.2520562177137745,0.01425959780621594,1.0395995486512528,0.3741062882695894,0.39825522382836864,-0.46291560102301793
2017-10-01,817339,0.15384615384615394,-0.12274199667318525,-0.3163160274354759,-0.06691042047531988,0.8796775141224016,0.49817918278611567,0.37432456716882034,-0.43129504766333415
2017-11-01,875964,0.15384615384615394,-0.43242770011964937,-0.317124084922994,0.027422303473491845,0.6984806204341436,0.6254334335723063,0.3345063376232577,-0.31039293187630784
2017-12-01,881023,0.15384615384615394,-0.6572504158519865,-0.3491385529999136,-0.02522851919561242,0.5157512157047286,0.7517236370040515,0.2803396438150215,-0.2717972564519878
2018-01-01,839315,0.15384615384615394,-0.8799719847083196,-0.2238896424345616,0.0054844606946985635,0.3575419876336328,0.8776282214940213,0.220364056170336,-0.16228784003720073
2018-02-01,820379,0.15384615384615394,-0.7296232526920956,-0.22398583975450465,-0.23436928702010976,0.23115490059336746,0.9920606424661347,0.1564662239694208,-0.2497093699139737
2018-03-01,880470,0.15384615384615394,-0.8193889164502282,-0.2328744721172068,-0.186106032906764,0.12279735521360946,1.0634965514301993,0.08939087719130415,-0.2334340850964893
2018-04-01,897592,0.2307692307692306,-0.8675985642163018,-0.2179638875260935,-0.16416819012797074,0.028953590870593723,1.0848984026987833,0.014063922245514952,-0.09183910718437578
2018-05-01,933552,0.2307692307692306,-0.7668602445501493,-0.2773753523226845,-0.02595978062157212,-0.06092367430712883,1.0649426224618674,-0.07601861601816098,0.02139037433155084
2018-06-01,919311,0.2307692307692306,-0.5753056876878638,-0.3210489355766547,-0.046435100548446,-0.15977063646093945,1.0149085647663867,-0.183190224867342,-0.03836317135549885
2018-07-01,934513,-0.30769230769230754,-0.22511454168733858,-0.4028166575279212,-0.1502742230347348,-0.2622144921760389,0.9388452285010032,-0.30109587514763925,-0.042083236456638036
2018-08-01,868890,-0.30769230769230754,-0.24437505471736587,-0.47207872788664096,-0.05228519195612425,-0.360601701017514,0.8386807083746078,-0.4201186203964788,-0.08207393629388517
2018-09-01,928758,-0.30769230769230754,-0.2507952257273776,-0.47819687743499467,0.01499085923217564,-0.4574563988178577,0.6996650798642463,-0.5321607633085348,0.0657986514764008
2018-10-01,894354,0.3846153846153845,-0.13161350570519845,-0.44510499937471737,0.20000000000000026,-0.5529859253061423,0.5177493440812697,-0.6359761223855465,0.11555452220413853
2018-11-01,965916,0.3846153846153845,-0.1576443808912377,-0.43496580185276035,1.1879341864716642,-0.6330190607372073,0.30932230605116784,-0.724827373750554,-0.26296210183678215
2018-12-01,925196,0.3846153846153845,-0.22394723786733522,-0.3779207911267594,-0.034734917733089496,-0.6859988689066523,0.09638352640227572,-0.7898323711869686,-0.43478260869565216
2019-01-01,882778,-0.846153846153846,-0.23445297224735206,-0.2988658335978759,-0.1268738574040218,-0.7251500186224804,-0.09997363875021846,-0.818712999773812,-0.3871192745873054
2019-02-01,851200,-0.846153846153846,-0.22920010505734364,-0.24430271372639567,-0.12833638025594152,-0.7613803825892989,-0.26348571053692843,-0.8098010643580666,-0.2813299232736573
2019-03-01,935325,-0.846153846153846,-0.13266407914319908,-0.28078073744865484,-0.23802559414990856,-0.8181554092782974,-0.39534810767734285,-0.7735724333114401,-0.23064403627063476
2019-04-01,917089,-0.4615384615384615,-0.013248898357019765,-0.30998624378324807,-0.30164533820840933,-0.9038588355615906,-0.517492907484992,-0.7274736476093802,-0.11229946524064166
2019-05-01,957264,-0.4615384615384615,0.48098753903172053,-0.31575808297980806,-0.3901279707495428,-0.9967921080507556,-0.631848204668753,-0.6831274597913071,-0.11020692862125107
2019-06-01,931667,-0.4615384615384615,0.3914553360375854,-0.16807595740382658,-0.49689213893967105,-1.080890905126278,-0.7350109120674656,-0.6409459537789552,-0.275284817484306
2019-07-01,940354,-0.6153846153846151,0.3878366941955806,-0.06325935759429765,-0.5517367458866544,-1.160545420182467,-0.8190276390069894,-0.605586174374533,-0.2822599395489421
2019-08-01,907091,-0.6153846153846151,0.7808678903901709,0.09625503833463196,-0.5137111517367458,-1.2124975444772692,-0.8739012144217512,-0.5804639497485298,-0.39572192513368987
2019-09-01,857271,-0.6153846153846151,0.64744506376397,0.1224207093590375,-0.4808043875685557,-1.2236037421401542,-0.8747302951465731,-0.5636678062880977,-0.3076028830504534
2019-10-01,931748,-0.2307692307692306,0.49079289111973695,0.08904023933893199,-0.25923217550274213,-1.1868054476110155,-0.8251686206547675,-0.54721423861803,-0.38014415252266914
2019-11-01,917355,-0.2307692307692306,0.29608661394344415,0.04825257568324134,-0.5166361974405849,-1.1141283651774476,-0.7472735944159541,-0.5168242906070095,-0.2987677284352476
2019-12-01,920926,-0.2307692307692306,0.39402340444158956,0.0643175281136669,-0.5839122486288848,-1.0320759210804036,-0.6719332936664115,-0.4653584841893914,-0.2034410602185538
2020-01-01,876483,-1.3846153846153844,0.2590830828493878,0.21400055794445574,-0.8383912248628885,-0.9779512370155105,-0.6364177891288006,-1.549283179470831,-0.2885375494071147
2020-02-01,911882,-1.3846153846153844,0.6035544401319044,0.28965013034736853,-0.9531992687385742,-0.9419191980069567,-0.6702944131638626,-6.076342811142056,-0.474308300395257
2020-03-01,991667,-1.3846153846153844,0.9105553447923642,0.2783565649860997,-0.9853747714808045,-0.9075098177478526,-2.009269424220232,-7.662831155740173,-1.0241804231574052
2020-04-01,905596,-4.307692307692307,0.9705547611404555,0.44497032312679774,-0.7594149908592321,-0.8459209034355034,-6.765001787938599,-4.942322612604414,-1.3410834689607067
2020-05-01,869333,-4.307692307692307,1.0107100125485162,0.5270266370378923,-0.8325411334552103,-0.732533115932464,-5.232494270478239,-1.9527977415763025,-1.085328993257382
2020-06-01,885144,-4.307692307692307,0.7928911197361886,0.5535193789501027,-0.9042047531992689,-0.5354521960412774,-3.5278175359882966,-0.35313760608237454,-0.8321320623110903
2020-07-01,901254,-2.9230769230769225,0.6632036653339953,0.7585351072119132,-0.8691042047531994,-0.26397237248794714,-1.9266120040504764,0.04530286243262591,-0.7630783538711927
2020-08-01,869532,-2.9230769230769225,0.5225435550237822,1.010129577789963,-0.26142595978062155,0.06032499335989604,-1.2585850302642605,0.49333241781808157,-0.728202743548012
2020-09-01,872252,-2.9230769230769225,0.4285755975136418,0.9225515377141595,-0.3367458866544788,0.409827658449158,-0.9714338852705233,1.0434396289961474,-0.8172518019065333
2020-10-01,957059,-2.6923076923076916,0.030291534129045748,0.8755495271901725,0.26800731261425986,0.7579781079138614,-0.6169343920955601,1.2212811479889096,-0.83399209486166
2020-11-01,971046,-2.6923076923076916,-0.2956196924154439,0.8169268804171116,-0.07714808043875665,1.0945896507158437,-0.23101659563935842,1.3534458949343966,-0.775866077656359
2020-12-01,925597,-2.6923076923076916,-0.5481075086818212,0.7888372629938531,-0.32797074954296146,1.4170480033143191,0.17131892726296166,1.4332313000213261,-0.6061381074168797
2021-01-01,930677,-0.3846153846153845,-0.5205591385297811,0.8127134378036232,-0.309689213893967,1.7279674492500476,0.5270041986838936,1.4621268232077547,-0.49500116252034404
2021-02-01,855921,-0.3846153846153845,-0.35445180494353173,0.7033370850288111,-0.15831809872029248,2.0070647541549587,0.8763749599332478,1.4319404347243374,-0.3203906068356196
2021-03-01,1002320,-0.3846153846153845,-0.12916216768319436,0.5254682404548209,-0.2775137111517366,2.234236979077554,1.1740727829845585,1.3503676776877358,-0.24761683329458276
2021-04-01,948755,3.076923076923076,-0.2648028715673965,0.5951728184852769,-0.041316270566727445,2.382259516110449,1.4154702405365343,1.2268914471642844,-0.2615670774238549
2021-05-01,1016707,3.076923076923076,-0.21951148335132997,0.7756197512337311,-0.001096892138939388,2.4090333854763313,1.473987914951102,1.069554826927524,-0.1750755638223669
2021-06-01,959818,3.076923076923076,-0.24262409898736484,0.7486267832578184,0.48446069469835484,2.3024787942626346,1.4719634155067638,0.8834219808348757,-0.0674261799581494
2021-07-01,981294,1.2307692307692302,0.022120407389032964,0.6903312073725627,0.6775137111517371,2.087025771419371,1.428292070350598,0.676833884651489,-0.0206928621250872
2021-08-01,906140,1.2307692307692302,0.2130913123413182,0.6513520533317942,1.0160877513711153,1.8045028535989753,1.3686175391107178,0.4697989504806826,-0.12671471750755645
2021-09-01,892140,1.2307692307692302,0.3204832637814798,0.6471386107183054,2.105667276051189,1.4869124772488493,1.3223432660975576,0.2801906978192173,-0.03650313880492925
2021-10-01,1008919,0.9999999999999997,0.475501211077712,0.634382846093908,1.7831809872029256,1.1748211111051734,1.2944822975542252,0.11853464370407789,0.17391304347826095
2021-11-01,907449,0.9999999999999997,0.4765517845157153,0.7172087385645437,1.155027422303474,0.9095164055705726,1.2709595421058695,-0.01922550781720535,0.11601953034178085
2021-12-01,933520,0.9999999999999997,0.48577348469372866,0.6615297297817283,0.5429616087751373,0.7005540177250957,1.2251672927699184,-0.14847091324488562,-0.04394326900720764
2022-01-01,968363,0.3846153846153845,0.6061225085359085,0.7122834357834793,1.3795246800731262,0.5287324857003011,1.1358001030132623,-0.289944784928274,0.2429667519181586
2022-02-01,904241,0.3846153846153845,0.6566667639419835,0.7995344049714775,1.0343692870201102,0.3886429469980311,0.9939887371750254,-0.4510547037254599,0.4898860730062774
2022-03-01,933076,0.3846153846153845,0.9215280007003813,0.9582407434128887,1.9411334552102384,0.26775487016422866,0.7891286743563497,-0.6192643816560769,0.9576842594745406
2022-04-01,967809,0.0,1.0535500627425787,0.9471972910834705,3.112614259597807,0.14082689687414246,0.5240156518851238,-0.7768691046852892,0.6631016042780747
2022-05-01,973055,0.0,1.4917559167712382,0.7732917760911184,3.771480804387569,-0.02035720557094879,0.20877216698298343,-0.9078323539312712,0.8667751685654498
2022-06-01,903426,0.0,1.5789535121253666,0.7508008426885229,1.7817184643510062,-0.22374846504331047,-0.10696298206991339,-1.0023882369356587,1.0846314810509181
2022-07-01,1028420,0.30769230769230754,1.9297283100358948,0.5583100054832475,3.8329067641681904,-0.45395866773570764,-0.3723844996945624,-1.058679893617403,0.83399209486166
2022-08-01,939532,0.30769230769230754,2.0585986517640875,0.6066972574144084,4.4895795246800745,-0.7015493485888579,-0.5759720200053697,-1.0657895824838908,0.5670774238549174
2022-09-01,804654,0.30769230769230754,2.912481396095367,0.4459322963262244,2.7630712979890317,-0.9861096046168993,-0.7348952263849371,-1.0212050810725295,0.31853057428505
2022-10-01,922328,-1.4615384615384612,3.3218548457699826,0.41790039729493156,2.4625228519195623,-1.3038261877586506,-0.8601924610416082,-0.9259888708200622,0.4015345268542198
2022-11-01,905978,-1.4615384615384612,2.591589575976885,0.5346647042413402,2.8829981718464355,-1.6186850885472115,-0.9595375409167289,-0.7756676069857844,0.35712624970936985
2022-12-01,847086,-1.4615384615384612,1.7992237429596984,0.6701105307206142,1.0877513711151738,-1.875425761793061,-1.027666767455067,-0.5732400689519226,0.1129969774471053
2023-01-01,912798,-1.4615384615384612,1.2275950623048406,0.854424595730763,-0.22193784277879322,-2.045372221485168,-1.0669709780956136,-0.3376372927854596,0.14973262032085555
2023-02-01,904999,-1.4615384615384612,1.5017947296232521,0.7919732956239843,-0.17586837294332722,-2.1016243914659993,-1.0980229433821578,-0.09345522726055198,0.15182515694024645
2023-03-01,1023489,-1.4615384615384612,1.9102343362418648,0.8937885390513022,-0.5641681901279706,-2.049564089921238,-1.1152119077118272,0.13690464985352185,0.05510346431062554
2023-04-01,1023677,-1.538461538461538,2.0769253217381145,1.0635383298221313,-0.42230347349177316,-1.9182549380076375,-1.0983507194826623,0.3400173394680916,0.19948849104859329
2023-05-01,1003815,-1.538461538461538,2.1726442349782586,1.0457225861687496,-0.5276051188299817,-1.7297110060927157,-1.0460511505042525,0.5153267765321538,-0.013717740060451136
2023-06-01,956576,-1.538461538461538,1.804943531677707,0.9519686781526269,-0.1385740402193783,-1.5217672873510615,-0.9609546905277547,0.6637762856857972,-0.028365496396186903
2023-07-01,951367,-1.2307692307692306,1.6834272040155238,0.9649360768808982,-0.25850091407678244,-1.3374242386430426,-0.8699486202685496,0.7735494845950696,0.09416414787258769
2023-08-01,942740,-1.2307692307692306,2.058948842910088,0.9116235221686725,-0.1605118829981719,-1.1671622619718787,-0.795610928767615,0.8311419363068522,0.23459660544059527
2023-09-01,988266,-1.2307692307692306,2.1873522631102804,0.9152213019345284,-0.042778793418647175,-0.996494620613365,-0.7406023867232298,0.827269340415886,0.4106021855382468
2023-10-01,928954,-0.6923076923076921,2.4350541337146523,0.9180110242128658,0.42961608775137144,-0.8139184669880747,-0.6934893925117,0.7648113195077637,0.33806091606603095
2023-11-01,1025786,-0.6923076923076921,1.9646306942539473,1.0330053004723292,-0.13564899451553916,-0.6101035132866715,-0.6270472488436483,0.6522577953434393,0.1599627993489885
2023-12-01,954153,-0.6923076923076921,1.889806519391834,1.1332813867805644,-0.3462522851919562,-0.39082822761139396,-0.5300930064075323,0.5012762042610888,0.03650313880492893
2024-01-01,1005316,0.2307692307692306,2.118481337730176,1.1299529595105482,-0.6489945155393052,-0.1722110202067039,-0.40391848865831564,0.32398082058628,0.09439665194140902
2024-02-01,952494,0.2307692307692306,2.21385005982432,1.1097900012505653,-0.7162705667276051,0.03652599836800888,-0.2733575554463984,0.13362783794578662,0.17251801906533365
2024-03-01,1047457,0.2307692307692306,2.201593369714302,1.3790462997700892,-0.8954296160877515,0.21817363059778214,-0.16752443687588658,-0.05579174978766092,0.21739130434782594
2024-04-01,1025091,-0.5384615384615384,2.635130008462951,1.6998066433869157,-0.7287020109689213,0.36105774825743636,-0.10948878613855542,-0.23089762732411298,0.32271564752383153
2024-05-01,1051960,-0.5384615384615384,2.60664779525491,1.7416332380979866,-0.29287020109689194,0.45616358051669226,-0.09321566679559426,-0.3813380479550384,0.13229481515926522
2024-06-01,1026933,-0.5384615384615384,2.7787083783231683,1.6870316392985298,-0.28482632541133457,0.5144891477884884,-0.0888003299122513,-0.49908978737300297,0.14392001860032544
2024-07-01,1076986,-1.1538461538461535,2.8166457524732254,1.8162438794455191,-0.6957952468007312,0.5408122786128559,-0.05232077802020871,-0.5730067202251558,0.21134619855847483
2024-08-01,1030900,-1.1538461538461535,2.4754428458867133,1.971217761873155,-0.6292504570383914,0.5401812446547422,0.0305872944616988,-0.5893014121663693,0.09997674959311781
2024-09-01,920631,-1.1538461538461535,2.249803017480373,2.153511683164508,-0.0471663619744057,0.5215206690360955,0.15846817602826935,-0.5391661899779606,-0.047430830039525834
2024-10-01,1043017,-1.3846153846153844,2.555403157556832,2.406683789789617,-0.2051188299817185,0.501237434668012,0.3132749002043693,-0.4283454042315161,-0.009997674959311946
2024-11-01,1005161,-1.3846153846153844,2.9333761344734004,2.3217030773522653,0.2745886654478978,0.5000655144600774,0.4723427136871076,-0.2795831084866789,-0.039758195768426124
2024-12-01,1011650,-1.3846153846153844,3.4124376222021184,2.296653295239195,0.47202925045703864,0.5358541546562138,0.6032603444201579,-0.11106560883138948,-0.05115089514066502
