date,export,exchange_rate,gold_price,gas_price,korea_lead,usa_lead,brent_price,trade,export_restored
2010-01,-1.8227466676521338,-0.051649601820249816,-0.6816251469305735,1.556284153005465,2.183652921745417,-0.5892618876618645,0.005180737077593285,-1.289499901527117,532120
2010-02,-2.005901432433431,0.15608646188850983,-0.7271831039320523,1.3245901639344264,2.034807647260696,-0.33610436918275177,-0.051807370775933184,-1.2198286691880422,499905
2010-03,-1.4575116763649905,-0.06507394766780197,-0.6918060137261598,0.6367941712204009,1.8866866806810085,-0.16710674027645067,0.06782055810667598,-1.0594565174206443,596361
2010-04,-1.5274703720233442,-0.2986348122866891,-0.6306260190346191,0.6739526411657559,1.7431831769959318,-0.09856644590338295,0.20887789944660284,-1.1029355310352076,584056
2010-05,-1.2507796087884724,0.2246871444823661,-0.51638038903424,0.9806921675774138,1.599408057846458,-0.12028668894927054,0.0,-0.839024563350879,632723
2010-06,-1.3624804209461054,0.7846416382252555,-0.46682212869222334,1.181056466302368,1.4428670118707276,-0.19343636169498754,-0.028023077828800133,-0.7390111639547668,613076
2010-07,-1.3467716947287929,0.7274175199089874,-0.5373488037007549,1.4047358834244084,1.2609751892187882,-0.2549657528289943,-0.00871305781231613,-0.8115203695661792,615839
2010-08,-1.409009633889459,0.415927189988625,-0.5014977439047517,0.5981785063752276,1.0651404393949098,-0.25645702230248874,0.025668197338985125,-0.7866124815802956,604892
2010-09,-1.7036832784219638,0.26905574516496095,-0.4009403556667806,0.6389799635701275,0.8712069978217474,-0.18689026972039113,0.04450724125750619,-0.8193961025981192,553062
2010-10,-1.5262139013414673,-0.22650739476677853,-0.2587873962006599,0.7599271402550094,0.7105917198802136,-0.05973533818425708,0.1582479689155775,-0.7128864723082291,584277
2010-11,-1.4463740018591218,-0.1952218430034111,-0.20600614264588807,0.8633879781420765,0.6182424619882303,0.11342622496624069,0.21971034969975267,-0.6468477703421586,598320
2010-12,-1.4322003303210253,0.047667804323094996,-0.1682971220566493,1.0273224043715852,0.5958794554202743,0.29656186316679023,0.36500647592134694,-0.7471968057057026,600813
2011-01,-1.4064341532609963,-0.26496018202502775,-0.21635763849391454,1.0382513661202188,0.6106372289853662,0.45120844428262946,0.4843989167549745,-0.5761705338773826,605345
2011-02,-1.7581947756972418,-0.28691695108077103,-0.1963940393584351,0.7591985428051002,0.600859072267389,0.5434928474156199,0.6539503120216648,-0.6940379956822186,543474
2011-03,-0.9489310049775569,-0.2378839590443667,-0.10753422060440611,1.0156648451730423,0.5208230487609999,0.5387478990908322,0.9111032615094783,-0.6416667159564428,685815
2011-04,-1.050159332990315,-0.6430034129692824,0.0,1.2408014571949004,0.3705291584662122,0.4338748575451511,1.1140939597315436,-0.7074766242550353,668010
2011-05,-0.9913269410624284,-0.6805460750853228,0.06339817237326023,1.2174863387978148,0.1571299419452405,0.240397168710186,0.9193453432238311,-0.5974657519783695,678358
2011-06,-1.069216752563399,-0.7063708759954477,0.09496454707465957,1.004735883424408,-0.10405548861043581,-0.019442011695647705,0.8920287295419755,-0.6811209880771729,664658
2011-07,-0.8129592727252053,-0.9540386803185417,0.16977590717779545,0.837887067395264,-0.393606627497035,-0.2966244624069726,0.9659719769221711,-0.5993823860188076,709731
2011-08,-1.060432828565662,-0.7985210466439108,0.526087286239715,0.7715846994535522,-0.7006135868950021,-0.5275678758716946,0.807017543859649,-0.5508855155895264,666203
2011-09,-1.1879390185315213,-0.28156996587030686,0.5610662419899138,0.4888888888888889,-0.9985485897823808,-0.6477022206007549,0.8684799246438242,-0.6348520681786372,643776
2011-10,-0.9651514160879415,0.13754266211604246,0.3593068668714216,0.6841530054644811,-1.2609019668349237,-0.6281317296530279,0.7912398445778874,-0.6145517454418313,682962
2011-11,-1.0287083651951936,-0.12571103526734861,0.4891934933454671,0.40437158469945345,-1.4525266769607872,-0.488039551255865,0.8199693865536322,-0.6563666205858613,671783
2011-12,-1.042427205717226,0.046530147895337215,0.3182800591514047,-0.0043715846994537184,-1.5338211854521626,-0.27748973201968546,0.7516778523489933,-0.6912952320922037,669370
2012-01,-1.0694669096222345,0.028327645051194613,0.3156637470139917,-0.35846994535519133,-1.5095568706334905,-0.06717231841574504,0.8180854821617801,-0.6453360428739943,664614
2012-02,-1.2948754757958831,-0.2276450511945389,0.5043605202290222,-0.2761384335154828,-1.4094303566111943,0.08027937166883066,1.0215471564818084,-0.7670467690487819,624967
2012-03,-0.7227549114643,-0.19863481228668703,0.3748720282106697,-0.6331511839708565,-1.2832378118564451,0.1382064755032061,1.1656658424584951,-0.7084634540905497,725597
2012-04,-0.6796198749783244,-0.08885096700796288,0.32434686990482686,-0.5173041894353371,-1.166334515983774,0.11035653390715003,1.031437654539032,-0.7203980877207493,733184
2012-05,-0.4352164284963002,0.12411831626848772,0.20079247715466556,-0.41748633879781427,-1.0860540385594482,0.019737704471830028,0.8098434004474272,-0.6091608991899423,776172
2012-06,-0.838026147098036,0.2519908987485787,0.2213627573654875,-0.12459016393442646,-1.048027873545102,-0.09418947316297281,0.4523725420934886,-0.6704260975091888,705322
2012-07,-0.7106336648861927,0.0,0.21721078375611416,0.15591985428051003,-1.0509522667116833,-0.18202911857949078,0.6280466266336984,-0.6831915792486266,727729
2012-08,-1.1207718482342608,-0.13276450511945204,0.2875099533613922,-0.14280510018214954,-1.0636186012009785,-0.21768401599142612,0.8809607912398444,-0.6627557528795439,655590
2012-09,-0.7710465945949019,-0.2113765642775871,0.5004170932392976,0.2367941712204006,-1.0657100402767752,-0.1869774218324791,0.8691863887907687,-0.6968112454568132,717103
2012-10,-0.8116232066155171,-0.41444823663253466,0.502692147271831,0.5078324225865212,-1.0542478676795841,-0.11515439790410721,0.8421052631578945,-0.7807423712767642,709966
2012-11,-0.8315220635683199,-0.6352673492605218,0.46521063208584534,0.41238615664845174,-1.0183674648339167,-0.019732518735950094,0.7797009301777934,-0.7637469160473309,706466
2012-12,-0.8785913883432496,-0.7552901023890762,0.3961248246312515,0.2593806921675774,-0.9458642435398911,0.1007310673054501,0.7898269162839984,-0.7972725996045482,698187
2013-01,-0.8039593039948376,-0.887485779294652,0.3687293823228303,0.2506375227686703,-0.853035131660824,0.2403003330300852,0.8715412692805837,-0.7486918887464147,711314
2013-02,-1.1340244869648273,-0.6448236632536949,0.2873393243089523,0.3577413479052825,-0.7320485499735206,0.3830361254939255,0.9443070764158716,-0.787548694276499,653259
2013-03,-0.4727684142600894,-0.4682593856655269,0.21795017631668723,0.7497267759562843,-0.5822888367586985,0.5034028758552249,0.765807135287884,-0.8532555747564873,769567
2013-04,-0.5074720207857775,-0.24493742889647271,0.023433056535092527,0.9821493624772315,-0.4405055643480601,0.615538593408218,0.6193335688213822,-0.7914004993439776,763463
2013-05,-0.5545015478468015,-0.3718998862343549,-0.11616046714442846,0.7205828779599273,-0.33129803996639823,0.7260281043995664,0.6266336983398092,-0.7399065121626763,755191
2013-06,-0.5336418603725634,-0.09271899886234193,-0.25981117051530017,0.41530054644808745,-0.27362502302796515,0.8127928737669904,0.6351112681031437,-0.7449215079262836,758860
2013-07,-0.5491004295310408,-0.1835039817974956,-0.36440677966101714,0.3285974499089255,-0.27653130849692764,0.8645031269391094,0.7530907806428824,-0.6879344250283036,756141
2013-08,-0.7255180098868892,-0.3001137656427742,-0.24756379630682934,0.4269581056466302,-0.31332615007270914,0.8937475023285728,0.8319792770516895,-0.6694401609067624,725111
2013-09,-0.8370482604134982,-0.6372013651877125,-0.24071967542562483,0.4116575591985429,-0.37197698268292834,0.9059487980208741,0.8395148946190978,-0.6466799363306293,705494
2013-10,-0.7179280173063202,-0.8709897610921487,-0.31067758692602315,0.4269581056466302,-0.42599224470093083,0.9104032393053594,0.7801719062757564,-0.626099701543309,726446
2013-11,-0.5933327458432709,-0.9162684869169497,-0.3807113335608392,0.6987249544626596,-0.45512753018096624,0.9153418589903349,0.7497939479571412,-0.576281158503679,748361
2013-12,-0.5164094502514363,-0.9862343572241153,-0.4847950555492362,0.8998178506375233,-0.45194962924761944,0.9095317181844798,0.8197338985046508,-0.6193001233377832,761891
2014-01,-0.5527731899857581,-0.8943117178612039,-0.44778750995336164,1.4193078324225865,-0.43625025540597895,0.8985892863334476,0.7575650535735311,-0.5282769813959279,755495
2014-02,-0.9558842341356363,-0.8197952218430019,-0.3414666514996402,1.1759562841530058,-0.4257296830853495,0.9159228730709259,0.7759331213940892,-0.6489536402318465,684592
2014-03,-0.37692983378769057,-0.8244596131968114,-0.2684942934061354,1.0025500910746818,-0.4305010614097647,0.9619198211172768,0.7424938184387142,-0.552370562541608,786424
2014-04,-0.2753490117374829,-1.1241183162684851,-0.34235771432904905,1.3260473588342447,-0.4554172533429822,1.0176971728534778,0.7490874838101966,-0.5109005350134723,804291
2014-05,-0.38976175382839795,-1.3466439135381087,-0.3621317256284838,1.1271402550091076,-0.48848190920783247,1.0659213415420783,0.7910043565289062,-0.5266442827012693,784167
2014-06,-0.2665878292905489,-1.41069397042093,-0.3765593599514659,1.068123861566485,-0.5108177542293538,1.0998138295762288,0.8442246555987282,-0.5030428625754295,805832
2014-07,-0.29486694771433203,-1.4042093287827055,-0.31594812876805856,0.616393442622951,-0.5061640759395055,1.1148233599913568,0.7257741669610265,-0.4570872699712162,800858
2014-08,-0.3941963562350226,-1.3424345847554024,-0.347988473059569,0.7795992714025505,-0.4568115460601671,1.114048674550578,0.6042623336865652,-0.48222568509867125,783387
2014-09,-0.585623360120985,-1.2527872582480066,-0.4549539301558414,0.8204007285974504,-0.36415445730854906,1.100201172296618,0.49782173554692094,-0.37137718051847746,749717
2014-10,-0.273290901389793,-0.9451649601820232,-0.4830887650248365,0.6397085610200367,-0.23286459567211848,1.0692137546653953,0.2703402802307784,-0.41326102018330885,804653
2014-11,-0.2871063935027389,-0.5490329920364043,-0.5758920107685893,0.7963570127504556,-0.07193243302212135,1.020311736216117,0.08218532909454833,-0.42483622767006735,802223
2014-12,-0.36372267815873033,-0.44402730375426547,-0.5301634247146707,-0.07723132969034634,0.08859230643129287,0.9490406756642975,-0.3204992346638408,-0.310977496210813,788747
2015-01,-0.29076209779435386,-0.6200227531285545,-0.43387176278769995,-0.22149362477231355,0.21281111214481221,0.8572404509317836,-0.6638408100788885,-0.36111529834461653,801580
2015-02,-0.6215379542269436,-0.5114903299203614,-0.46121032874530826,-0.19016393442622964,0.2996375222608994,0.7528515877865927,-0.4203461674320028,-0.30944120167290873,743400
2015-03,0.047148920202740925,-0.35028441410693895,-0.5648200811435942,-0.25865209471766853,0.3487999213151573,0.6493342457622814,-0.4723890262569175,-0.19553413063945016,861015
2015-04,-0.13319726305436083,-0.6222980659840701,-0.529329238236075,-0.17777777777777798,0.36038884779571817,0.5479472887001051,-0.38690686447662775,-0.29566351033206656,829294
2015-05,-0.14631913786780906,-0.5926052332195662,-0.5310355287604752,-0.2571948998178509,0.34182845772919423,0.44045968379179884,-0.27952431414105744,-0.34932088286168894,826986
2015-06,-0.28934643625685447,-0.3544937428896453,-0.5616350054980475,-0.11876138433515504,0.3048887545724112,0.3215454686319563,-0.34075120687625116,-0.28784530043133216,801829
2015-07,-0.2622896761887435,-0.0015927189988608934,-0.6576422856709518,-0.20327868852459016,0.2741962070965449,0.16948440017473132,-0.456611326975156,-0.23490791716601495,806588
2015-08,-0.17736704010188215,0.40659840728100083,-0.6835968604254357,-0.22295081967213123,0.2547304321487227,-0.005197483153299418,-0.6930413281525962,-0.2596337198076382,821525
2015-09,-0.23109963926215038,0.47098976109215074,-0.6718613733742848,-0.34316939890710396,0.24757789158649493,-0.17478580970819063,-0.6671376427646297,-0.21118929843566797,812074
2015-10,-0.3078978563245674,0.05483503981797678,-0.6084442422174197,-0.49107468123861575,0.24033481253614758,-0.3150522923295432,-0.6480631107971271,-0.14939335744340185,798566
2015-11,-0.3857308139485302,0.09795221843003547,-0.7387100443635541,-0.5537340619307836,0.22820265512680515,-0.43275606148815327,-0.7460261391734369,-0.23162732529126548,784876
2015-12,-0.2811196802537957,0.3285551763367472,-0.7771774162969708,-0.4794171220400729,0.21190572726351398,-0.5330971932052602,-0.8934416578358648,-0.2566842008943267,803276
2016-01,-0.3495433212329332,0.6633674630261673,-0.7262162059682257,-0.5078324225865212,0.19841549253223706,-0.6130253635578128,-1.0655834216413516,-0.2270058806931741,791241
2016-02,-0.30969443883802045,0.8417519908987479,-0.5367800401926216,-0.9355191256830604,0.2053869561182001,-0.6663237218835271,-1.0307311903920875,-0.12135171366916046,798250
2016-03,-0.16602469163878458,0.5102389078498304,-0.44549349713722386,-0.7548269581056468,0.23743758091601377,-0.6829116738842376,-0.8887318968562345,-0.2503493331942262,823520
2016-04,-0.353972238251857,0.04721274175199189,-0.4494369241269485,-0.5952641165755923,0.28632836450587446,-0.6812945180266038,-0.8093724243494643,-0.20686927805187807,790462
2016-05,-0.1945084840197965,0.32025028441410763,-0.4198991392712245,-0.5151183970856106,0.3503390756133566,-0.6768691274461432,-0.6878605910750029,-0.25068973521247084,818510
2016-06,-0.21325320726933672,0.3087599544937437,-0.38471163690137666,-0.05173041894353384,0.4309183300485142,-0.6753488072686102,-0.6523018956787943,-0.15017715322737796,815213
2016-07,0.012178100455115285,0.008304891922639562,-0.267716983278353,-0.08670309653916229,0.525259434679346,-0.6587995895399373,-0.7300129518426939,-0.16212058077355515,854864
2016-08,-0.2765145162161471,-0.36040955631399096,-0.26132787320365564,-0.07868852459016402,0.6310083888144737,-0.6148361907756345,-0.7090545154833392,-0.04611497245697478,804086
2016-09,-0.5082964020023936,-0.40807736063708594,-0.28726348917453504,-0.06484517304189436,0.735580342603919,-0.5294852223376298,-0.6918638879076887,-0.08050638948682648,763318
2016-10,-0.17165322546257736,-0.20568828213879303,-0.4037272968566339,0.022586520947176468,0.832728140366765,-0.4070752391262697,-0.6223949134581419,-0.14347677833497158,822530
2016-11,-0.07987401180855025,0.20796359499431377,-0.45203427748075714,0.26010928961748625,0.9394730178713107,-0.2629643800050476,-0.7351936889202874,-0.02968262913646461,838673
2016-12,-0.2838657225132825,0.4427758816837319,-0.6209570393963529,0.5311475409836067,1.06622690125246,-0.11667471808164018,-0.533144942894148,-0.07593845640639718,802793
2017-01,-0.4392075706622624,0.47485779294652974,-0.5460698441587993,0.08888888888888884,1.1985036324095053,0.0017843693817368278,-0.5032379606734959,0.0,775470
2017-02,-0.5400436069236652,0.01774744027303949,-0.4660448185644414,-0.16102003642987262,1.31665635941836,0.0799113960844669,-0.496408807253032,-0.12759386469003386,757734
2017-03,0.039712433090093494,-0.09772468714448133,-0.4713911955408945,0.14207650273224037,1.4012193073312145,0.11800655263485149,-0.5736488873189685,0.016842567911639943,859707
2017-04,0.17164754007487656,-0.12093287827076075,-0.3981534144769273,0.20473588342440785,1.4395170878099448,0.13083728024778044,-0.5566937477922995,0.009711865667569378,882913
2017-05,0.2832914983555016,-0.20568828213879303,-0.4398248208394951,0.05537340619307839,1.4307348544613983,0.1381386905271438,-0.6033203814906394,0.16291328833495997,902550
2017-06,0.12437354134271801,-0.15153583617747352,-0.41455276229477145,0.029143897996357047,1.3836548406341083,0.155084934544219,-0.696573648887319,0.17038982895321905,874598
2017-07,0.281568825882159,-0.1019340159271877,-0.462025556440299,-0.14644808743169407,1.2958325071486032,0.1877185587371003,-0.6468856705522196,0.17467160014360458,902247
2017-08,0.0,-0.1430034129692824,-0.3715731998634969,0.0327868852459016,1.176050087353417,0.26034531881028955,-0.5710585187801719,0.22649887889289114,852722
2017-09,-0.05569974330474531,-0.1339021615472124,-0.30836461532628096,0.008743169398907114,1.0327276606445923,0.3645405105952926,-0.46626633698339814,0.2382858500454568,842925
2017-10,-0.20116607301743425,-0.13412969283276396,-0.3716869525651239,-0.07213114754098378,0.8721123827030456,0.4891680308808757,-0.43423996232191225,0.16960000010532497,817339
2017-11,0.1321397809420119,-0.43594994311717744,-0.37248322147651025,0.021857923497267624,0.6901300215629738,0.6169911286096887,-0.3117861768515248,0.318073259150968,875964
2017-12,0.16090215732036306,-0.6550625711035253,-0.40403063739430517,-0.03060109289617506,0.5066085061246897,0.7438458695375213,-0.27269516072059335,0.4287338207985926,881023
2018-01,-0.07622399290463615,-0.8721274175199064,-0.2806089561293748,0.0,0.3477134594576071,0.8703132677449644,-0.16178028965030034,0.3340917046510946,839315
2018-02,-0.18388249440699986,-0.7255972696245723,-0.2807037500473974,-0.2389799635701278,0.2207784991002059,0.9852572200207844,-0.2503237960673498,0.32355373207126636,820379
2018-03,0.15775813792182022,-0.8130830489192232,-0.2894627080726503,-0.1908925318761385,0.11195123636866659,1.057012458973094,-0.23383963263864374,0.3156916708918285,880470
2018-04,0.2551033461349313,-0.8600682593856636,-0.27476965077920623,-0.16903460837887088,0.017700670225980118,1.0785099799547553,-0.09042741080890151,0.30289228863547135,897592
2018-05,0.4595498878557276,-0.7618885096700766,-0.33331437454972934,-0.031329690346083905,-0.07256620243903526,1.0584649941745647,0.024255269045095985,0.3484620995651673,933552
2018-06,0.3785842816086236,-0.5751990898748566,-0.37635081333181675,-0.05173041894353384,-0.17184165467290255,1.0082072762039163,-0.036265159543153326,0.35499155171244207,919311
2018-07,0.46501354543619716,-0.23390216154721188,-0.45692564365070354,-0.1551912568306012,-0.274729592583147,0.9318039246069199,-0.040032968326857474,0.39364553530136137,934513
2018-08,0.09192134834654712,-0.2526734926052308,-0.5251772646267018,-0.05755919854280525,-0.3735432985275622,0.8311916529855362,-0.08053691275167789,0.33640270386327953,868890
2018-09,0.4322941392180886,-0.2589306029579063,-0.531206157812915,0.00947176684881596,-0.47081785017379096,0.691554602284825,0.0692334864005651,0.2942643237701964,928758
2018-10,0.23669406075973837,-0.14277588168373084,-0.49859705001327137,0.1938069216757742,-0.5667614860445069,0.5088256739406906,0.11962792888260916,0.4139022099409098,894354
2018-11,0.6435517754044443,-0.16814562002275266,-0.48860577105372943,1.1781420765027326,-0.647141555805781,0.2994669335697178,-0.26374661485929596,0.2978192111941991,965916
2018-12,0.41204278822783624,-0.23276450511945151,-0.4323929776665534,-0.04007285974499102,-0.7003510252794207,0.08557628337017084,-0.4377722830566349,0.38641301037287895,925196
2019-01,0.17088001273526846,-0.24300341296928188,-0.35449133583589293,-0.13187613843351556,-0.7396718906740163,-0.1116586298525758,-0.3894972330154246,0.38932486822564577,882778
2019-02,-0.008653160080618798,-0.2378839590443667,-0.3007242255336901,-0.13333333333333358,-0.7760593090532149,-0.2759016268660902,-0.28235017072883556,0.313769939390667,851200
2019-03,0.4696300802492474,-0.14379977246871284,-0.33667007924771586,-0.24262295081967233,-0.8330804488771152,-0.40835347010356443,-0.23101377605086545,0.32349932712141777,935325
2019-04,0.36595135013744423,-0.0274175199089858,-0.36544951275926146,-0.3060109289617487,-0.9191553895417215,-0.5310442767872003,-0.11115035911927466,0.26124475085141136,917089
2019-05,0.5943618010171159,0.4542662116040958,-0.37113714784059465,-0.39417122040072866,-1.0124915169543067,-0.6459107605189451,-0.10903096667844128,0.3702908803843824,957264
2019-06,0.44883293203971814,0.3670079635949938,-0.22560952489288297,-0.500546448087432,-1.0969548725302258,-0.7495346217913701,-0.2762274814553162,0.22906409758392376,931667
2019-07,0.49822189499657454,0.3634812286689421,-0.12232207181587273,-0.5551912568306012,-1.1769546806413516,-0.8339269169964207,-0.2832921229247616,0.31923100222771233,940354
2019-08,0.309108843904838,0.7465301478953362,0.03486520304857217,-0.5173041894353371,-1.2291320113503232,-0.8890457861079557,-0.39821029082774057,0.3212260394900401,907091
2019-09,0.02586282865094278,0.6164960182025029,0.0606491487506162,-0.4845173041894355,-1.2402863530878665,-0.8898785729567977,-0.3089603202637467,0.26948966593771984,857271
2019-10,0.44929344844348296,0.46382252559727155,0.027755659196905695,-0.2637522768670311,-1.203328542233439,-0.8400953498186268,-0.3824325915459791,0.25807963383181637,931748
2019-11,0.3674636632658573,0.2740614334471003,-0.012436962044515555,-0.5202185792349728,-1.1303364131035267,-0.761852120299784,-0.3000117744024491,0.17893452503648608,917355
2019-12,0.38776618274541685,0.36951080773606354,0.003393622265195397,-0.587249544626594,-1.0479282812081538,-0.6861750363035298,-0.20346167432002826,0.14070263396951027,920926
2020-01,0.1350904971587275,0.23799772468714506,0.1508929587077692,-0.8408014571949002,-0.9935689729352661,-0.6505007717555689,-0.2896503002472625,0.12201676882194332,876483
2020-02,0.33634753637937453,0.5737201365187714,0.2254388958404427,-0.9551912568306015,-0.9573807392299511,-0.6845288297418713,-0.4778052513834924,0.04136666469261531,911882
2020-03,0.7899561940877653,0.8729237770193394,0.2143100898646343,-0.9872495446265942,-0.9228221983109678,-2.0294892741851926,-1.0347344872247735,-0.36389524169576626,991667
2020-04,0.3006091892921408,0.9313993174061437,0.3784931558791187,-0.7621129326047361,-0.8609663032209672,-6.806480525510992,-1.3557046979865772,-1.3298633979395063,905596
2020-05,0.09443997509800187,0.9705346985210476,0.4593523679520723,-0.8349726775956288,-0.7470869928518126,-5.267122453271775,-1.0966678441069118,-1.19739401159488,869333
2020-06,0.18433164003536312,0.7582480091012517,0.48545861297539156,-0.9063752276867035,-0.5491517501033346,-3.5548255399462874,-0.8402213587660425,-0.7270081472627901,885144
2020-07,0.2759232358952638,0.6318543799772484,0.6874834110643462,-0.871402550091075,-0.27649509310167725,-1.9464623620695247,-0.7702814082185329,-0.32720476691520733,901254
2020-08,0.09557136725046123,0.49476678043230904,0.9354074242596596,-0.265938069216758,0.04920806409499943,-1.2754492004013334,-0.7349582008713057,-0.181452665949399,869532
2020-09,0.11103562179663937,0.4031854379977249,0.8491070412922308,-0.34098360655737714,0.4002257825726607,-0.9870144436626757,-0.8251501236312258,0.0032175242255390135,872252
2020-10,0.5931962965384517,0.015017064846418229,0.8027907329465741,0.26156648451730424,0.7498854237283619,-0.6309302808078556,-0.8421052631578948,0.10414231416246396,957059
2020-11,0.6727178143095524,-0.3026166097838439,0.7450233193038334,-0.08233151183970858,1.0879561384035148,-0.24328736980922078,-0.7832332509125163,0.3069975499038363,971046
2020-12,0.41432262869585734,-0.5486916951080744,0.7173434952413453,-0.33224043715847,1.4118123104423574,0.16084665751002375,-0.6113269751560108,0.27215880123235076,925597
2021-01,0.44320439821592533,-0.5218430034129675,0.7408713456944604,-0.31402550091074694,1.7240795560006266,0.5181218992300506,-0.498763687742847,0.1979069684414628,930677
2021-02,0.018187555254861716,-0.35995449374288785,0.6330906609031963,-0.16320582877959947,2.004386715249227,0.8690544039036954,-0.3219121629577299,0.2358407532355573,855921
2021-03,0.8505226292643961,-0.14038680318543692,0.457816706480112,-0.2819672131147542,2.2325437053352903,1.1680829840450198,-0.24820440362651608,0.44752329101321525,1002320
2021-04,0.545984837071002,-0.27258248009101005,0.5265043794790124,-0.046630236794171276,2.3812079028437467,1.410559527009364,-0.2623336865654068,0.420165131784599,948755
2021-05,0.932318302115817,-0.22844141069396937,0.7043188109050926,-0.006557377049180255,2.408097833818181,1.4693387848286072,-0.17473213234428356,0.37875284435724793,1016707
2021-06,0.608882281204961,-0.2509670079635941,0.6777196375080573,0.4772313296903461,2.301081340849238,1.4673052355465455,-0.0657011656658426,0.4316007551560974,959818
2021-07,0.7309816674673588,0.007053469852106002,0.6202745231865923,0.6695810564663026,2.0846943542199874,1.4234386724623433,-0.018368067820558134,0.355489563478004,981294
2021-08,0.3037020402013764,0.19317406143344712,0.5818640276039888,1.0069216757741348,1.8009467324224844,1.3634973864819457,-0.12575061815612865,0.4067188728225085,906140
2021-09,0.2241066123901654,0.2978384527872587,0.5777120539946156,2.092531876138434,1.481979638742637,1.3170162600351045,-0.034381255151301256,0.35409596336384985,892140
2021-10,0.8880405027019805,0.4489192263936291,0.5651423804648694,1.771220400728598,1.1685353928386726,1.2890307484869101,0.17873542917696933,0.3773089393136699,1008919
2021-11,0.31114421270172465,0.4499431171786137,0.6467599438820005,1.145355191256831,0.9020806222738785,1.2654028425431,0.12009890498057209,0.7680355237026602,907449
2021-12,0.459367955449302,0.4589306029579079,0.5918932241307396,0.5355191256830601,0.6922124067899417,1.2194058944967354,-0.04191687271870955,0.9838205641880261,933520
2022-01,0.6574639191083038,0.5762229806598411,0.641906495279263,1.3690346083788707,0.5196460484153175,1.1296392190462832,0.248675379724479,0.8868553947138147,968363
2022-02,0.29290548895755575,0.6254835039817971,0.7278845789254161,1.0251366120218581,0.3789492378622421,0.9871939336227453,0.49876368774284685,0.8250360759186678,904241
2022-03,0.45684364331014643,0.883617747440273,0.8842755848784742,1.928597449908926,0.25753712528073697,0.7814181134153781,0.9725656422936535,0.8985459314902767,933076
2022-04,0.6543142143220602,1.0122866894197944,0.8733932430895234,3.0958105646630245,0.13005893399455426,0.5151199931470222,0.6742022842340749,0.8912232331795528,967809
2022-05,0.6841397582004611,1.4393629124004559,0.7020247980889548,3.752276867030966,-0.031823882780807326,0.19846731922793096,0.8804898151418815,1.0385725306269395,973055
2022-06,0.28827189798140307,1.5243458475540372,0.6798619800553597,1.7697632058287802,-0.23609681969833443,-0.1186792166596496,1.10114211703756,0.9259396465227514,903426
2022-07,0.9989112482552966,1.8662116040955634,0.49017935009289815,3.8134790528233156,-0.467304956834362,-0.3852872111043198,0.8472860002354881,0.9100037996606015,1028420
2022-08,0.4935485063065163,1.9918088737201363,0.5378606908580744,4.467759562841532,-0.7159689144817446,-0.5897848003343923,0.5769457200047097,1.0415589435253159,939532
2022-09,-0.2732852160020922,2.824004550625708,0.37944109505934087,2.7475409836065583,-1.001762706110978,-0.7494184189752574,0.3252089956434711,0.9833280735993366,804654
2022-10,0.3957370963019396,3.2229806598407267,0.3518181473476662,2.44808743169399,-1.3208565536742083,-0.8752757523980847,0.4092782291298715,0.9176755847576702,922328
2022-11,0.3027810073938467,2.5112627986348097,0.4668790050430366,2.8670309653916215,-1.6370803311637396,-0.9750649207386392,0.3643000117744024,0.7310902123201584,905978
2022-12,-0.032042845081713234,1.739021615472127,0.6003488416183217,1.0783242258652095,-1.8949339453562388,-1.043498695863607,0.11703756034381252,0.7211645477890841,847086
2023-01,0.34155535151330807,1.1819112627986348,0.7819739885488947,-0.2265938069216758,-2.065617103177779,-1.0829786026393862,0.15424467208289172,0.7360958868017791,912798
2023-02,0.29721501283476276,1.4491467576791806,0.7204337769688699,-0.1806921675774137,-2.1221131197705163,-1.1141693751988235,0.15636406452372542,0.5873209039869938,904999
2023-03,0.970876601502648,1.8472127417519904,0.820763659803587,-0.5675774134790529,-2.0698271428757935,-1.131435176960212,0.05840103614741561,0.47204664857661965,1023489
2023-04,0.9719454543903985,2.009670079635949,0.988037007545596,-0.4262295081967214,-1.9379487810665152,-1.1144986165111497,0.20463911456493575,0.5318499042782894,1023677
2023-05,0.8590222838770933,2.1029579067121724,0.9704811739278809,-0.5311475409836067,-1.7485875331438974,-1.0619652600582152,-0.011303426351112774,0.6365893118849183,1003815
2023-06,0.5904502542789649,1.7445961319681453,0.8780950214234255,-0.14353369763205837,-1.5397424025758257,-0.9764884052360714,-0.02613917343694806,0.4650927745618414,956576
2023-07,0.5608350697454936,1.6261660978384518,0.8908732415728208,-0.2630236794171223,-1.3546002482000388,-0.8850755232239607,0.09796302837630981,0.5409255485854864,951367
2023-08,0.5117872300506853,1.9921501706484634,0.8383384522049065,-0.16539162112932632,-1.1836002056700483,-0.8104055303007106,0.2401978099611445,0.44426179607886734,942740
2023-09,0.7706201905173419,2.1172923777019332,0.8418837447389378,-0.04808743169398929,-1.012192739943488,-0.7551510912370374,0.4184622630401506,0.3869624871425831,988266
2023-10,0.4334084752074456,2.358703071672354,0.8446327683615822,0.42258652094717686,-0.828825139935034,-0.7078274943733414,0.34498999175791806,0.47360186090527023,928954
2023-11,0.9839359370513874,1.900227531285552,0.9579494179653436,-0.14061930783242266,-0.6241266721232795,-0.6410883436500961,0.1646061462380783,0.329462255632233,1025786
2023-12,0.5766745598799247,1.8273037542662112,1.0567625981117053,-0.3504553734061934,-0.4039008535973592,-0.5437007001759534,0.039561992228894206,0.46668077703641425,954153
2024-01,0.8675560508159953,2.050170648464162,1.0534827285481365,-0.6520947176684884,-0.18433596603476168,-0.41696216206423353,0.09819851642529145,0.24737951893383478,1005316
2024-02,0.5672425016842961,2.143117178612058,1.0336139233306791,-0.7191256830601096,0.025305903228844184,-0.28581760050807875,0.1773225008830802,0.5052104507043234,952494
2024-03,1.1071439739154412,2.131171786120591,1.2989420998748726,-0.8976320582877964,0.20774095680956522,-0.17951139089695262,0.22277169433651225,0.4254126356407298,1047457
2024-04,0.9799845925993308,2.553697383390214,1.6150229401281617,-0.7315118397085613,0.3512444604946548,-0.12121631147821342,0.3294477805251382,0.5825214480018159,1025091
2024-05,1.1327452747321471,2.5259385665529006,1.6562393356842224,-0.29726775956284157,0.4467625654711563,-0.10487044867774115,0.13658306840927814,0.4757945927091662,1051960
2024-06,0.9904570767442059,2.6936291240045502,1.6024343078148113,-0.2892531876138436,0.5053409672908746,-0.10043537452926778,0.14835747085835385,0.5273545991131735,1026933
2024-07,1.2750277873323876,2.730602957906712,1.7297614985022565,-0.6987249544626596,0.5317782058246598,-0.06379275318034008,0.21664900506299312,0.5604462479261425,1076986
2024-08,1.0130110097532825,2.39806598407281,1.8824745004360528,-0.6324225865209476,0.5311444364077588,0.019485931703578967,0.10385022960084767,0.6272644866385133,1030900
2024-09,0.38608899337368063,2.178156996587029,2.0621089750881594,-0.052459016393442685,0.5124029693649701,0.14793846135301966,-0.045449193453432395,0.657892940759834,920631
2024-10,1.0819008525238858,2.4759954493742877,2.3115876085390363,-0.20983606557377074,0.49203180953586256,0.30343719645371287,-0.0075356175674086276,0.5853961396853232,1043017
2024-11,0.8666748157223712,2.8443686006825932,2.2278466613582073,0.2681238615664845,0.49085480919018,0.46321606861472914,-0.03767808783704247,0.6118719162453606,1005161
2024-12,0.9035672965128675,3.311262798634811,2.2031623251052217,0.46484517304189443,0.5267985889775453,0.5947189221872349,-0.04921700223713654,0.7488856642336224,1011650
2025-01,0.966055392732369,3.578555176336743,2.3081371099230283,0.0357012750455373,0.5965132248371754,0.6720906305852117,0.07818203226186254,1.2094437160568667,1022641
2025-02,1.050727871760395,3.4381683731513064,2.686649224585751,0.6112932604735885,0.684878789251462,0.6899083957231665,-0.012009890498057342,1.199596754767333,1037534
2025-03,1.2044436990269458,3.5510807736063685,2.858889773632125,0.8189435336976321,0.7667255825204345,0.6608576916938909,-0.07582715177204753,1.2045164508658683,1064571
