date,export_restored,export,exchange_rate,gold_price,gas_price,korea_lead,usa_lead,brent_price,trade,news_pos,news_neu,news_neg,pos_ratio_pol,pos_ratio_total
2010-01-01,532120,-1.8227466676521338,-0.051649601820249816,-0.6816251469305735,1.556284153005465,2.183652921745417,-0.5892618876618645,0.005180737077593285,-1.289499901527117,0.11652871538972288,1.6489925879614995,-1.7716231943724516,0.25842696629213485,0.10672853828306264
2010-02-01,499905,-2.005901432433431,0.15608646188850983,-0.7271831039320523,1.3245901639344264,2.034807647260696,-0.33610436918275177,-0.051807370775933184,-1.2198286691880422,0.4661148615588909,-0.4994172340302019,-1.9378150359605995,0.2824858757062147,0.13157894736842105
2010-03-01,596361,-1.4575116763649905,-0.06507394766780197,-0.6918060137261598,0.6367941712204009,1.8866866806810085,-0.16710674027645067,0.06782055810667598,-1.0594565174206443,0.640907934643475,1.6919607844013336,-2.104006877548747,0.2988505747126437,0.12149532710280374
2010-04-01,584056,-1.5274703720233442,-0.2986348122866891,-0.6306260190346191,0.6739526411657559,1.7431831769959318,-0.09856644590338295,0.20887789944660284,-1.1029355310352076,1.514873300066395,-0.7572264126692061,-1.7051464577371926,0.3163265306122449,0.15776081424936386
2010-05-01,632723,-1.2507796087884724,0.2246871444823661,-0.51638038903424,0.9806921675774138,1.599408057846458,-0.12028668894927054,0.0,-0.839024563350879,0.9904940808126429,0.18807390900714258,-1.2065709329727492,0.2731707317073171,0.1320754716981132
2010-06-01,613076,-1.3624804209461054,0.7846416382252555,-0.46682212869222334,1.181056466302368,1.4428670118707276,-0.19343636169498754,-0.028023077828800133,-0.7390111639547668,0.640907934643475,1.7778971772810017,-2.0042917725958587,0.2937853107344633,0.12009237875288684
2010-07-01,615839,-1.3467716947287929,0.7274175199089874,-0.5373488037007549,1.4047358834244084,1.2609751892187882,-0.2549657528289943,-0.00871305781231613,-0.8115203695661792,1.077890617354935,0.4888512840859808,-1.6054313527843038,0.29381443298969073,0.1357142857142857
2010-08-01,604892,-1.409009633889459,0.415927189988625,-0.5014977439047517,0.5981785063752276,1.0651404393949098,-0.25645702230248874,0.025668197338985125,-0.7866124815802956,0.9904940808126429,-0.41348084115053385,-0.5750419349377878,0.25,0.13053613053613053
2010-09-01,553062,-1.7036832784219638,0.26905574516496095,-0.4009403556667806,0.6389799635701275,0.8712069978217474,-0.18689026972039113,0.04450724125750619,-0.8193961025981192,0.029132178847430877,1.7778971772810017,-2.1372452458663767,0.2710843373493976,0.1066350710900474
2010-10-01,584277,-1.5262139013414673,-0.22650739476677853,-0.2587873962006599,0.7599271402550094,0.7105917198802136,-0.05973533818425708,0.1582479689155775,-0.7128864723082291,1.340080226981811,1.6489925879614995,-2.0375301409134883,0.32608695652173914,0.13729977116704806
2010-11-01,598320,-1.4463740018591218,-0.1952218430034111,-0.20600614264588807,0.8633879781420765,0.6182424619882303,0.11342622496624069,0.21971034969975267,-0.6468477703421586,-0.05826435769486113,0.016201123247806454,-2.104006877548747,0.26506024096385544,0.11548556430446194
2010-12-01,600813,-1.4322003303210253,0.047667804323094996,-0.1682971220566493,1.0273224043715852,0.5958794554202743,0.29656186316679023,0.36500647592134694,-0.7471968057057026,-0.23305743077944516,2.121642748799674,-1.8380999310077109,0.2441860465116279,0.0963302752293578
2011-01-01,605345,-1.4064341532609963,-0.26496018202502775,-0.21635763849391454,1.0382513661202188,0.6106372289853662,0.45120844428262946,0.4843989167549745,-0.5761705338773826,0.029132178847430877,1.7349289808411676,-1.8713382993253402,0.25862068965517243,0.1048951048951049
2011-02-01,543474,-1.7581947756972418,-0.28691695108077103,-0.1963940393584351,0.7591985428051002,0.600859072267389,0.5434928474156199,0.6539503120216648,-0.6940379956822186,-0.32045396732173714,1.3911834093224953,-2.403152192407413,0.2662337662337662,0.10224438902743142
2011-03-01,685815,-0.9489310049775569,-0.2378839590443667,-0.10753422060440611,1.0156648451730423,0.5208230487609999,0.5387478990908322,0.9111032615094783,-0.6416667159564428,-1.5440054789138253,1.5630561950818316,-0.37561172503201046,0.13432835820895522,0.059734513274336286
2011-04-01,668010,-1.050159332990315,-0.6430034129692824,0.0,1.2408014571949004,0.3705291584662122,0.4338748575451511,1.1140939597315436,-0.7074766242550353,0.20392525193201488,0.27401030188681064,-0.9739023547493424,0.2315270935960591,0.11084905660377359
2011-05-01,678358,-0.9913269410624284,-0.6805460750853228,0.06339817237326023,1.2174863387978148,0.1571299419452405,0.240397168710186,0.9193453432238311,-0.5974657519783695,1.2526836904395189,2.0357063559200057,-1.971053404278229,0.31891891891891894,0.1319910514541387
2011-06-01,664658,-1.069216752563399,-0.7063708759954477,0.09496454707465957,1.004735883424408,-0.10405548861043581,-0.019442011695647705,0.8920287295419755,-0.6811209880771729,0.029132178847430877,0.7036922662851509,-1.372762774560897,0.23809523809523808,0.10714285714285714
2011-07-01,709731,-0.8129592727252053,-0.9540386803185417,0.16977590717779545,0.837887067395264,-0.393606627497035,-0.2966244624069726,0.9659719769221711,-0.5993823860188076,-0.6700401134909052,0.35994669476647867,-0.24265825176149222,0.17209302325581396,0.08447488584474885
2011-08-01,666203,-1.060432828565662,-0.7985210466439108,0.526087286239715,0.7715846994535522,-0.7006135868950021,-0.5275678758716946,0.807017543859649,-0.5508855155895264,-0.5826435769486131,0.7036922662851509,-0.9406639864317129,0.19487179487179487,0.0892018779342723
2011-09-01,643776,-1.1879390185315213,-0.28156996587030686,0.5610662419899138,0.4888888888888889,-0.9985485897823808,-0.6477022206007549,0.8684799246438242,-0.6348520681786372,-0.9322297231177812,1.1763424271233252,-1.6386697211019334,0.2,0.0825242718446602
2011-10-01,682962,-0.9651514160879415,0.13754266211604246,0.3593068668714216,0.6841530054644811,-1.2609019668349237,-0.6281317296530279,0.7912398445778874,-0.6145517454418313,1.077890617354935,1.3911834093224953,-1.4060011428785266,0.285,0.12751677852348994
2011-11-01,671783,-1.0287083651951936,-0.12571103526734861,0.4891934933454671,0.40437158469945345,-1.4525266769607872,-0.488039551255865,0.8199693865536322,-0.6563666205858613,-0.7574366500331972,1.0904060342436572,-1.2065709329727492,0.1945945945945946,0.08470588235294117
2011-12-01,669370,-1.042427205717226,0.046530147895337215,0.3182800591514047,-0.0043715846994537184,-1.5338211854521626,-0.27748973201968546,0.7516778523489933,-0.6912952320922037,-0.9322297231177812,0.6607240698453168,-0.10970477849097401,0.1574074074074074,0.07623318385650224
2012-01-01,664614,-1.0694669096222345,0.028327645051194613,0.3156637470139917,-0.35846994535519133,-1.5095568706334905,-0.06717231841574504,0.8180854821617801,-0.6453360428739943,0.3787183250165989,0.4029148912063127,-1.0403790913846016,0.2413793103448276,0.11475409836065574
2012-02-01,624967,-1.2948754757958831,-0.2276450511945389,0.5043605202290222,-0.2761384335154828,-1.4094303566111943,0.08027937166883066,1.0215471564818084,-0.7670467690487819,0.11652871538972288,0.6177558734054829,-1.7716231943724516,0.25842696629213485,0.11302211302211303
2012-03-01,725597,-0.7227549114643,-0.19863481228668703,0.3748720282106697,-0.6331511839708565,-1.2832378118564451,0.1382064755032061,1.1656658424584951,-0.7084634540905497,-1.0196262596600731,1.7349289808411676,-1.073617459702231,0.1774193548387097,0.07482993197278912
2012-04-01,733184,-0.6796198749783244,-0.08885096700796288,0.32434686990482686,-0.5173041894353371,-1.166334515983774,0.11035653390715003,1.031437654539032,-0.7203980877207493,-1.7187985519984093,1.2622788200029933,-0.9406639864317129,0.13736263736263737,0.05868544600938967
2012-05-01,776172,-0.4352164284963002,0.12411831626848772,0.20079247715466556,-0.41748633879781427,-1.0860540385594482,0.019737704471830028,0.8098434004474272,-0.6091608991899423,-0.23305743077944516,1.6919607844013336,-1.372762774560897,0.22580645161290322,0.09545454545454546
2012-06-01,705322,-0.838026147098036,0.2519908987485787,0.2213627573654875,-0.12459016393442646,-1.048027873545102,-0.09418947316297281,0.4523725420934886,-0.6704260975091888,-1.107022796202365,0.4888512840859808,-0.8409488814788242,0.16666666666666666,0.07655502392344497
2012-07-01,727729,-0.7106336648861927,0.0,0.21721078375611416,0.15591985428051003,-1.0509522667116833,-0.18202911857949078,0.6280466266336984,-0.6831915792486266,-1.8061950885407012,-0.19863985895136368,-0.40885009334964,0.1218274111675127,0.05896805896805897
2012-08-01,655590,-1.1207718482342608,-0.13276450511945204,0.2875099533613922,-0.14280510018214954,-1.0636186012009785,-0.21768401599142612,0.8809607912398444,-0.6627557528795439,-1.107022796202365,-0.026767073192027577,-0.30913498839675135,0.15384615384615385,0.07582938388625593
2012-09-01,717103,-0.7710465945949019,-0.2113765642775871,0.5004170932392976,0.2367941712204006,-1.0657100402767752,-0.1869774218324791,0.8691863887907687,-0.6968112454568132,-0.05826435769486113,-0.8001946091090401,-0.44208846166726956,0.2037037037037037,0.10679611650485436
2012-10-01,709966,-0.8116232066155171,-0.41444823663253466,0.502692147271831,0.5078324225865212,-1.0542478676795841,-0.11515439790410721,0.8421052631578945,-0.7807423712767642,0.3787183250165989,0.4029148912063127,-0.4753268299848991,0.22272727272727272,0.11036036036036036
2012-11-01,706466,-0.8315220635683199,-0.6352673492605218,0.46521063208584534,0.41238615664845174,-1.0183674648339167,-0.019732518735950094,0.7797009301777934,-0.7637469160473309,-0.49524704040632117,0.7036922662851509,-1.007140723066972,0.20103092783505155,0.09176470588235294
2012-12-01,698187,-0.8785913883432496,-0.7552901023890762,0.3961248246312515,0.2593806921675774,-0.9458642435398911,0.1007310673054501,0.7898269162839984,-0.7972725996045482,0.029132178847430877,1.2622788200029933,-0.9406639864317129,0.22277227722772278,0.10089686098654709
2013-01-01,711314,-0.8039593039948376,-0.887485779294652,0.3687293823228303,0.2506375227686703,-0.853035131660824,0.2403003330300852,0.8715412692805837,-0.7486918887464147,-0.05826435769486113,1.4341516057623294,-0.9074256181140833,0.21782178217821782,0.09777777777777778
2013-02-01,653259,-1.1340244869648273,-0.6448236632536949,0.2873393243089523,0.3577413479052825,-0.7320485499735206,0.3830361254939255,0.9443070764158716,-0.787548694276499,-1.2818158692869492,-0.3705126447106998,-0.8741872497964538,0.15873015873015872,0.0759493670886076
2013-03-01,769567,-0.4727684142600894,-0.4682593856655269,0.21795017631668723,0.7497267759562843,-0.5822888367586985,0.5034028758552249,0.765807135287884,-0.8532555747564873,-0.40785050386402916,0.9615014449241551,-1.1400941963374902,0.2094240837696335,0.09345794392523364
2013-04-01,763463,-0.5074720207857775,-0.24493742889647271,0.023433056535092527,0.9821493624772315,-0.4405055643480601,0.615538593408218,0.6193335688213822,-0.7914004993439776,-0.5826435769486131,-1.1439401806277123,-0.07646641017334446,0.17194570135746606,0.09290953545232274
2013-05-01,755191,-0.5545015478468015,-0.3718998862343549,-0.11616046714442846,0.7205828779599273,-0.33129803996639823,0.7260281043995664,0.6266336983398092,-0.7399065121626763,0.20392525193201488,-0.15567166251152967,-0.3423733567143809,0.21171171171171171,0.10854503464203233
2013-06-01,758860,-0.5336418603725634,-0.09271899886234193,-0.25981117051530017,0.41530054644808745,-0.27362502302796515,0.8127928737669904,0.6351112681031437,-0.7449215079262836,-0.5826435769486131,0.35994669476647867,-1.6054313527843038,0.21714285714285714,0.09547738693467336
2013-07-01,756141,-0.5491004295310408,-0.1835039817974956,-0.36440677966101714,0.3285974499089255,-0.27653130849692764,0.8645031269391094,0.7530907806428824,-0.6879344250283036,0.20392525193201488,1.1333742306834913,-1.1733325646551198,0.23857868020304568,0.10730593607305935
2013-08-01,725111,-0.7255180098868892,-0.3001137656427742,-0.24756379630682934,0.4269581056466302,-0.31332615007270914,0.8937475023285728,0.8319792770516895,-0.6694401609067624,-0.9322297231177812,1.3052470164428274,-0.6747570398906764,0.1708542713567839,0.07657657657657657
2013-09-01,705494,-0.8370482604134982,-0.6372013651877125,-0.24071967542562483,0.4116575591985429,-0.37197698268292834,0.9059487980208741,0.8395148946190978,-0.6466799363306293,-0.49524704040632117,0.31697849832664465,-0.8741872497964538,0.19696969696969696,0.09285714285714286
2013-10-01,726446,-0.7179280173063202,-0.8709897610921487,-0.31067758692602315,0.4269581056466302,-0.42599224470093083,0.9104032393053594,0.7801719062757564,-0.626099701543309,-0.5826435769486131,1.004469641363989,-0.7412337765259355,0.1890547263681592,0.08656036446469248
2013-11-01,748361,-0.5933327458432709,-0.9162684869169497,-0.3807113335608392,0.6987249544626596,-0.45512753018096624,0.9153418589903349,0.7497939479571412,-0.576281158503679,0.029132178847430877,0.746660462724985,-1.1733325646551198,0.23076923076923078,0.1053864168618267
2013-12-01,761891,-0.5164094502514363,-0.9862343572241153,-0.4847950555492362,0.8998178506375233,-0.45194962924761944,0.9095317181844798,0.8197338985046508,-0.6193001233377832,0.3787183250165989,1.9927381594801719,-1.4060011428785266,0.2552083333333333,0.10816777041942605
2014-01-01,755495,-0.5527731899857581,-0.8943117178612039,-0.44778750995336164,1.4193078324225865,-0.43625025540597895,0.8985892863334476,0.7575650535735311,-0.5282769813959279,-1.2818158692869492,1.4771198022021634,-0.9739023547493424,0.16129032258064516,0.06896551724137931
2014-02-01,684592,-0.9558842341356363,-0.8197952218430019,-0.3414666514996402,1.1759562841530058,-0.4257296830853495,0.9159228730709259,0.7759331213940892,-0.6489536402318465,-1.7187985519984093,-0.628321823349704,-1.007140723066972,0.1388888888888889,0.06578947368421052
2014-03-01,786424,-0.37692983378769057,-0.8244596131968114,-0.2684942934061354,1.0025500910746818,-0.4305010614097647,0.9619198211172768,0.7424938184387142,-0.552370562541608,-0.49524704040632117,0.31697849832664465,-0.24265825176149222,0.17972350230414746,0.0888382687927107
2014-04-01,804291,-0.2753490117374829,-1.1241183162684851,-0.34235771432904905,1.3260473588342447,-0.4554172533429822,1.0176971728534778,0.7490874838101966,-0.5109005350134723,-0.8448331865754892,0.016201123247806454,-0.44208846166726956,0.16908212560386474,0.08293838862559241
2014-05-01,784167,-0.38976175382839795,-1.3466439135381087,-0.3621317256284838,1.1271402550091076,-0.48848190920783247,1.0659213415420783,0.7910043565289062,-0.5266442827012693,0.20392525193201488,0.832596855604653,-0.9074256181140833,0.22926829268292684,0.1070615034168565
2014-06-01,805832,-0.2665878292905489,-1.41069397042093,-0.3765593599514659,1.068123861566485,-0.5108177542293538,1.0998138295762288,0.8442246555987282,-0.5030428625754295,-0.7574366500331972,-0.11270346607169564,-0.9074256181140833,0.18556701030927836,0.08866995073891626
2014-07-01,800858,-0.29486694771433203,-1.4042093287827055,-0.31594812876805856,0.616393442622951,-0.5061640759395055,1.1148233599913568,0.7257741669610265,-0.4570872699712162,-1.107022796202365,-1.4876857521463844,1.2530683225318378,0.12549019607843137,0.0735632183908046
2014-08-01,783387,-0.3941963562350226,-1.3424345847554024,-0.347988473059569,0.7795992714025505,-0.4568115460601671,1.114048674550578,0.6042623336865652,-0.48222568509867125,-1.2818158692869492,-1.0150355913082103,1.3195450591670967,0.11764705882352941,0.06726457399103139
2014-09-01,749717,-0.585623360120985,-1.2527872582480066,-0.4549539301558414,0.8204007285974504,-0.36415445730854906,1.100201172296618,0.49782173554692094,-0.37137718051847746,-0.32045396732173714,0.832596855604653,-1.2398093012903788,0.21693121693121692,0.09692671394799054
2014-10-01,804653,-0.273290901389793,-0.9451649601820232,-0.4830887650248365,0.6397085610200367,-0.23286459567211848,1.0692137546653953,0.2703402802307784,-0.41326102018330885,-1.6314020154561173,1.1333742306834913,-0.24265825176149222,0.12745098039215685,0.058426966292134834
2014-11-01,802223,-0.2871063935027389,-0.5490329920364043,-0.5758920107685893,0.7963570127504556,-0.07193243302212135,1.020311736216117,0.08218532909454833,-0.42483622767006735,0.029132178847430877,0.5318194805258148,-0.6082803032554173,0.21226415094339623,0.10250569476082004
2014-12-01,788747,-0.36372267815873033,-0.44402730375426547,-0.5301634247146707,-0.07723132969034634,0.08859230643129287,0.9490406756642975,-0.3204992346638408,-0.310977496210813,-0.6700401134909052,0.9615014449241551,0.12296379973243285,0.16371681415929204,0.07991360691144708
2015-01-01,801580,-0.29076209779435386,-0.6200227531285545,-0.43387176278769995,-0.22149362477231355,0.21281111214481221,0.8572404509317836,-0.6638408100788885,-0.36111529834461653,-0.6700401134909052,0.14510571256730853,0.8209695344026534,0.14979757085020243,0.07956989247311828
2015-02-01,743400,-0.6215379542269436,-0.5114903299203614,-0.46121032874530826,-0.19016393442622964,0.2996375222608994,0.7528515877865927,-0.4203461674320028,-0.30944120167290873,-1.6314020154561173,0.746660462724985,-0.8409488814788242,0.13978494623655913,0.06220095693779904
2015-03-01,861015,0.047148920202740925,-0.35028441410693895,-0.5648200811435942,-0.25865209471766853,0.3487999213151573,0.6493342457622814,-0.4723890262569175,-0.19553413063945016,-1.107022796202365,1.5630561950818316,-0.20941988344386267,0.15165876777251186,0.06926406926406926
2015-04-01,829294,-0.13319726305436083,-0.6222980659840701,-0.529329238236075,-0.17777777777777798,0.36038884779571817,0.5479472887001051,-0.38690686447662775,-0.29566351033206656,-0.7574366500331972,1.6489925879614995,-0.9074256181140833,0.18556701030927836,0.08053691275167785
2015-05-01,826986,-0.14631913786780906,-0.5926052332195662,-0.5310355287604752,-0.2571948998178509,0.34182845772919423,0.44045968379179884,-0.27952431414105744,-0.34932088286168894,-0.9322297231177812,1.1763424271233252,0.0897254314148033,0.15315315315315314,0.07327586206896551
2015-06-01,801829,-0.28934643625685447,-0.3544937428896453,-0.5616350054980475,-0.11876138433515504,0.3048887545724112,0.3215454686319563,-0.34075120687625116,-0.28784530043133216,-0.14566089423715314,0.44588308764614676,-0.14294314680860357,0.19196428571428573,0.0957683741648107
2015-07-01,806588,-0.2622896761887435,-0.0015927189988608934,-0.6576422856709518,-0.20327868852459016,0.2741962070965449,0.16948440017473132,-0.456611326975156,-0.23490791716601495,0.11652871538972288,1.1333742306834913,-0.30913498839675135,0.2072072072072072,0.09935205183585313
2015-08-01,821525,-0.17736704010188215,0.40659840728100083,-0.6835968604254357,-0.22295081967213123,0.2547304321487227,-0.005197483153299418,-0.6930413281525962,-0.2596337198076382,-1.0196262596600731,-0.5853536269098699,1.4192601641199853,0.12643678160919541,0.07142857142857142
2015-09-01,812074,-0.23109963926215038,0.47098976109215074,-0.6718613733742848,-0.34316939890710396,0.24757789158649493,-0.17478580970819063,-0.6671376427646297,-0.21118929843566797,-1.7187985519984093,0.832596855604653,0.18944053636769195,0.11574074074074074,0.05555555555555555
2015-10-01,798566,-0.3078978563245674,0.05483503981797678,-0.6084442422174197,-0.49107468123861575,0.24033481253614758,-0.3150522923295432,-0.6480631107971271,-0.14939335744340185,-0.23305743077944516,0.6177558734054829,0.28915564132058064,0.17796610169491525,0.09032258064516129
2015-11-01,784876,-0.3857308139485302,0.09795221843003547,-0.7387100443635541,-0.5537340619307836,0.22820265512680515,-0.43275606148815327,-0.7460261391734369,-0.23162732529126548,-0.14566089423715314,0.6177558734054829,-0.24265825176149222,0.19457013574660634,0.09555555555555556
2015-12-01,803276,-0.2811196802537957,0.3285551763367472,-0.7771774162969708,-0.4794171220400729,0.21190572726351398,-0.5330971932052602,-0.8934416578358648,-0.2566842008943267,0.2913217884743069,0.746660462724985,-0.04322804185571491,0.20689655172413793,0.10344827586206896
2016-01-01,791241,-0.3495433212329332,0.6633674630261673,-0.7262162059682257,-0.5078324225865212,0.19841549253223706,-0.6130253635578128,-1.0655834216413516,-0.2270058806931741,-0.5826435769486131,-0.8431628055488741,1.5189752690728742,0.1412639405204461,0.08189655172413793
2016-02-01,798250,-0.30969443883802045,0.8417519908987479,-0.5367800401926216,-0.9355191256830604,0.2053869561182001,-0.6663237218835271,-1.0307311903920875,-0.12135171366916046,-1.107022796202365,-0.28457625183103175,0.3223940096382102,0.14096916299559473,0.0735632183908046
2016-03-01,823520,-0.16602469163878458,0.5102389078498304,-0.44549349713722386,-0.7548269581056468,0.23743758091601377,-0.6829116738842376,-0.8887318968562345,-0.2503493331942262,-1.1944193327446573,0.4029148912063127,0.7212544294497648,0.13025210084033614,0.0670995670995671
2016-04-01,790462,-0.353972238251857,0.04721274175199189,-0.4494369241269485,-0.5952641165755923,0.28632836450587446,-0.6812945180266038,-0.8093724243494643,-0.20686927805187807,-1.6314020154561173,0.18807390900714258,0.555062587861617,0.11403508771929824,0.058165548098434
2016-05-01,818510,-0.1945084840197965,0.32025028441410763,-0.4198991392712245,-0.5151183970856106,0.3503390756133566,-0.6768691274461432,-0.6878605910750029,-0.25068973521247084,-1.7187985519984093,1.5630561950818316,0.0897254314148033,0.11737089201877934,0.05387931034482758
2016-06-01,815213,-0.21325320726933672,0.3087599544937437,-0.38471163690137666,-0.05173041894353384,0.4309183300485142,-0.6753488072686102,-0.6523018956787943,-0.15017715322737796,-1.4566089423715332,0.35994669476647867,0.3888707462734693,0.12444444444444444,0.0625
2016-07-01,854864,0.012178100455115285,0.008304891922639562,-0.267716983278353,-0.08670309653916229,0.525259434679346,-0.6587995895399373,-0.7300129518426939,-0.16212058077355515,-0.5826435769486131,0.18807390900714258,0.7544927977673943,0.15447154471544716,0.08172043010752689
2016-08-01,804086,-0.2765145162161471,-0.36040955631399096,-0.26132787320365564,-0.07868852459016402,0.6310083888144737,-0.6148361907756345,-0.7090545154833392,-0.04611497245697478,-0.9322297231177812,-0.7572264126692061,1.2198299542142081,0.1328125,0.07505518763796909
2016-09-01,763318,-0.5082964020023936,-0.40807736063708594,-0.28726348917453504,-0.06484517304189436,0.735580342603919,-0.5294852223376298,-0.6918638879076887,-0.08050638948682648,-0.5826435769486131,0.27401030188681064,-0.04322804185571491,0.17117117117117117,0.08577878103837472
2016-10-01,822530,-0.17165322546257736,-0.20568828213879303,-0.4037272968566339,0.022586520947176468,0.832728140366765,-0.4070752391262697,-0.6223949134581419,-0.14347677833497158,0.11652871538972288,0.832596855604653,-0.20941988344386267,0.20444444444444446,0.10021786492374728
2016-11-01,838673,-0.07987401180855025,0.20796359499431377,-0.45203427748075714,0.26010928961748625,0.9394730178713107,-0.2629643800050476,-0.7351936889202874,-0.02968262913646461,-0.6700401134909052,-0.11270346607169564,0.48858585122635795,0.15611814345991562,0.08240534521158129
2016-12-01,802793,-0.2838657225132825,0.4427758816837319,-0.6209570393963529,0.5311475409836067,1.06622690125246,-0.11667471808164018,-0.533144942894148,-0.07593845640639718,-1.6314020154561173,1.1763424271233252,0.2226789046853215,0.11926605504587157,0.05652173913043478
2017-01-01,775470,-0.4392075706622624,0.47485779294652974,-0.5460698441587993,0.08888888888888884,1.1985036324095053,0.0017843693817368278,-0.5032379606734959,0.0,-1.3692124058292412,0.18807390900714258,1.0536381126260603,0.11788617886178862,0.06236559139784946
2017-02-01,757734,-0.5400436069236652,0.01774744027303949,-0.4660448185644414,-0.16102003642987262,1.31665635941836,0.0799113960844669,-0.496408807253032,-0.12759386469003386,-1.7187985519984093,-1.0150355913082103,0.18944053636769195,0.11574074074074074,0.06142506142506143
2017-03-01,859707,0.039712433090093494,-0.09772468714448133,-0.4713911955408945,0.14207650273224037,1.4012193073312145,0.11800655263485149,-0.5736488873189685,0.016842567911639943,-1.107022796202365,-0.542385430470036,1.153353217578949,0.12698412698412698,0.07048458149779736
2017-04-01,882913,0.17164754007487656,-0.12093287827076075,-0.3981534144769273,0.20473588342440785,1.4395170878099448,0.13083728024778044,-0.5566937477922995,0.009711865667569378,-1.1944193327446573,0.14510571256730853,0.2226789046853215,0.13901345291479822,0.07029478458049887
2017-05-01,902550,0.2832914983555016,-0.20568828213879303,-0.4398248208394951,0.05537340619307839,1.4307348544613983,0.1381386905271438,-0.6033203814906394,0.16291328833495997,-0.8448331865754892,0.875565052044487,0.056487063097173745,0.15765765765765766,0.07658643326039387
2017-06-01,874598,0.12437354134271801,-0.15153583617747352,-0.41455276229477145,0.029143897996357047,1.3836548406341083,0.155084934544219,-0.696573648887319,0.17038982895321905,-2.1557812347098695,0.44588308764614676,0.555062587861617,0.09009009009009009,0.0447427293064877
2017-07-01,902247,0.281568825882159,-0.1019340159271877,-0.462025556440299,-0.14644808743169407,1.2958325071486032,0.1877185587371003,-0.6468856705522196,0.17467160014360458,-1.4566089423715332,0.4029148912063127,0.8874462710379126,0.11666666666666667,0.0603448275862069
2017-08-01,852722,0.0,-0.1430034129692824,-0.3715731998634969,0.0327868852459016,1.176050087353417,0.26034531881028955,-0.5710585187801719,0.22649887889289114,-1.7187985519984093,-0.45644903759036787,1.4192601641199853,0.09881422924901186,0.05470459518599562
2017-09-01,842925,-0.05569974330474531,-0.1339021615472124,-0.30836461532628096,0.008743169398907114,1.0327276606445923,0.3645405105952926,-0.46626633698339814,0.2382858500454568,-1.2818158692869492,-0.671290019789538,0.9539230076731717,0.12295081967213115,0.06772009029345373
2017-10-01,817339,-0.20116607301743425,-0.13412969283276396,-0.3716869525651239,-0.07213114754098378,0.8721123827030456,0.4891680308808757,-0.43423996232191225,0.16960000010532497,1.602269836608687,-0.06973526963186161,0.023248694779544193,0.25301204819277107,0.13636363636363635
2017-11-01,875964,0.1321397809420119,-0.43594994311717744,-0.37248322147651025,0.021857923497267624,0.6901300215629738,0.6169911286096887,-0.3117861768515248,0.318073259150968,-0.6700401134909052,0.4029148912063127,-0.04322804185571491,0.167420814479638,0.08314606741573034
2017-12-01,881023,0.16090215732036306,-0.6550625711035253,-0.40403063739430517,-0.03060109289617506,0.5066085061246897,0.7438458695375213,-0.27269516072059335,0.4287338207985926,-0.05826435769486113,0.35994669476647867,0.2226789046853215,0.1864406779661017,0.09586056644880174
2018-01-01,839315,-0.07622399290463615,-0.8721274175199064,-0.2806089561293748,0.0,0.3477134594576071,0.8703132677449644,-0.16178028965030034,0.3340917046510946,0.815701007728059,0.14510571256730853,0.18944053636769195,0.22040816326530613,0.11663066954643629
2018-02-01,820379,-0.18388249440699986,-0.7255972696245723,-0.2807037500473974,-0.2389799635701278,0.2207784991002059,0.9852572200207844,-0.2503237960673498,0.32355373207126636,-0.9322297231177812,-1.917367716544725,0.9871613759908012,0.13654618473895583,0.081145584725537
2018-03-01,880470,0.15775813792182022,-0.8130830489192232,-0.2894627080726503,-0.1908925318761385,0.11195123636866659,1.057012458973094,-0.23383963263864374,0.3156916708918285,0.7283044711857669,-0.41348084115053385,0.6880160611321352,0.20463320463320464,0.11422413793103449
2018-04-01,897592,0.2551033461349313,-0.8600682593856636,-0.27476965077920623,-0.16903460837887088,0.017700670225980118,1.0785099799547553,-0.09042741080890151,0.30289228863547135,1.2526836904395189,-1.0150355913082103,0.48858585122635795,0.2277992277992278,0.13111111111111112
2018-05-01,933552,0.4595498878557276,-0.7618885096700766,-0.33331437454972934,-0.031329690346083905,-0.07256620243903526,1.0584649941745647,0.024255269045095985,0.3484620995651673,2.214045592404731,0.2310421054469766,-0.5085651983025287,0.2916666666666667,0.15217391304347827
2018-06-01,919311,0.3785842816086236,-0.5751990898748566,-0.37635081333181675,-0.05173041894353384,-0.17184165467290255,1.0082072762039163,-0.036265159543153326,0.35499155171244207,-0.5826435769486131,0.4888512840859808,0.023248694779544193,0.16964285714285715,0.08444444444444445
2018-07-01,934513,0.46501354543619716,-0.23390216154721188,-0.45692564365070354,-0.1551912568306012,-0.274729592583147,0.9318039246069199,-0.040032968326857474,0.39364553530136137,0.640907934643475,-0.671290019789538,0.9539230076731717,0.19548872180451127,0.11182795698924732
2018-08-01,868890,0.09192134834654712,-0.2526734926052308,-0.5251772646267018,-0.05755919854280525,-0.3735432985275622,0.8311916529855362,-0.08053691275167789,0.33640270386327953,-0.32045396732173714,-1.4017493592667165,1.5189752690728742,0.15073529411764705,0.09030837004405286
2018-09-01,928758,0.4322941392180886,-0.2589306029579063,-0.531206157812915,0.00947176684881596,-0.47081785017379096,0.691554602284825,0.0692334864005651,0.2942643237701964,0.029132178847430877,-0.41348084115053385,0.3223940096382102,0.1875,0.10112359550561797
2018-10-01,894354,0.23669406075973837,-0.14277588168373084,-0.49859705001327137,0.1938069216757742,-0.5667614860445069,0.5088256739406906,0.11962792888260916,0.4139022099409098,-0.14566089423715314,0.746660462724985,0.056487063097173745,0.18695652173913044,0.09307359307359307
2018-11-01,965916,0.6435517754044443,-0.16814562002275266,-0.48860577105372943,1.1781420765027326,-0.647141555805781,0.2994669335697178,-0.26374661485929596,0.2978192111941991,0.2913217884743069,-0.671290019789538,0.4553474829087284,0.19433198380566802,0.10762331838565023
2018-12-01,925196,0.41204278822783624,-0.23276450511945151,-0.4323929776665534,-0.04007285974499102,-0.7003510252794207,0.08557628337017084,-0.4377722830566349,0.38641301037287895,-0.40785050386402916,0.10213751612747451,0.555062587861617,0.1652892561983471,0.08714596949891068
2019-01-01,882778,0.17088001273526846,-0.24300341296928188,-0.35449133583589293,-0.13187613843351556,-0.7396718906740163,-0.1116586298525758,-0.3894972330154246,0.38932486822564577,0.4661148615588909,-0.11270346607169564,0.18944053636769195,0.2074688796680498,0.11037527593818984
2019-02-01,851200,-0.008653160080618798,-0.2378839590443667,-0.3007242255336901,-0.13333333333333358,-0.7760593090532149,-0.2759016268660902,-0.28235017072883556,0.313769939390667,0.5535113981011829,0.14510571256730853,-1.2398093012903788,0.2562814070351759,0.1223021582733813
2019-03-01,935325,0.4696300802492474,-0.14379977246871284,-0.33667007924771586,-0.24262295081967233,-0.8330804488771152,-0.40835347010356443,-0.23101377605086545,0.32349932712141777,0.029132178847430877,0.2310421054469766,0.3223940096382102,0.1875,0.09782608695652174
2019-04-01,917089,0.36595135013744423,-0.0274175199089858,-0.36544951275926146,-0.3060109289617487,-0.9191553895417215,-0.5310442767872003,-0.11115035911927466,0.26124475085141136,0.3787183250165989,1.0904060342436572,-0.9406639864317129,0.23786407766990292,0.10986547085201794
2019-05-01,957264,0.5943618010171159,0.4542662116040958,-0.37113714784059465,-0.39417122040072866,-1.0124915169543067,-0.6459107605189451,-0.10903096667844128,0.3702908803843824,0.20392525193201488,-1.0580037877480442,1.2530683225318378,0.17407407407407408,0.10217391304347827
2019-06-01,931667,0.44883293203971814,0.3670079635949938,-0.22560952489288297,-0.500546448087432,-1.0969548725302258,-0.7495346217913701,-0.2762274814553162,0.22906409758392376,-0.05826435769486113,-0.9290991984285422,0.8209695344026534,0.1732283464566929,0.09843400447427293
2019-07-01,940354,0.49822189499657454,0.3634812286689421,-0.12232207181587273,-0.5551912568306012,-1.1769546806413516,-0.8339269169964207,-0.2832921229247616,0.31923100222771233,-0.40785050386402916,-0.41348084115053385,0.9206846393555421,0.15810276679841898,0.08733624454148471
2019-08-01,907091,0.309108843904838,0.7465301478953362,0.03486520304857217,-0.5173041894353371,-1.2291320113503232,-0.8890457861079557,-0.39821029082774057,0.3212260394900401,0.3787183250165989,-1.9603359129845588,1.8845973205667992,0.16838487972508592,0.10652173913043478
2019-09-01,857271,0.02586282865094278,0.6164960182025029,0.0606491487506162,-0.4845173041894355,-1.2402863530878665,-0.8898785729567977,-0.3089603202637467,0.26948966593771984,-0.05826435769486113,-0.7572264126692061,0.7212544294497648,0.1752988047808765,0.09821428571428571
2019-10-01,931748,0.44929344844348296,0.46382252559727155,0.027755659196905695,-0.2637522768670311,-1.203328542233439,-0.8400953498186268,-0.3824325915459791,0.25807963383181637,0.815701007728059,-0.24160805539119773,0.42210911459109884,0.21428571428571427,0.11713665943600868
2019-11-01,917355,0.3674636632658573,0.2740614334471003,-0.012436962044515555,-0.5202185792349728,-1.1303364131035267,-0.761852120299784,-0.3000117744024491,0.17893452503648608,1.165287153897227,-0.32754444827086576,-0.20941988344386267,0.24472573839662448,0.13063063063063063
2019-12-01,920926,0.38776618274541685,0.36951080773606354,0.003393622265195397,-0.587249544626594,-1.0479282812081538,-0.6861750363035298,-0.20346167432002826,0.14070263396951027,1.165287153897227,-0.026767073192027577,0.2559172730029511,0.23107569721115537,0.12473118279569892
2020-01-01,876483,0.1350904971587275,0.23799772468714506,0.1508929587077692,-0.8408014571949002,-0.9935689729352661,-0.6505007717555689,-0.2896503002472625,0.12201676882194332,-0.23305743077944516,-1.1009719841878782,1.5189752690728742,0.15384615384615385,0.09090909090909091
2020-02-01,911882,0.33634753637937453,0.5737201365187714,0.2254388958404427,-0.9551912568306015,-0.9573807392299511,-0.6845288297418713,-0.4778052513834924,0.04136666469261531,0.029132178847430877,-1.8314313236650568,1.0536381126260603,0.1717557251908397,0.10368663594470046
2020-03-01,991667,0.7899561940877653,0.8729237770193394,0.2143100898646343,-0.9872495446265942,-0.9228221983109678,-2.0294892741851926,-1.0347344872247735,-0.36389524169576626,-1.6314020154561173,-1.1439401806277123,2.1505042671078356,0.09420289855072464,0.05603448275862069
2020-04-01,905596,0.3006091892921408,0.9313993174061437,0.3784931558791187,-0.7621129326047361,-0.8609663032209672,-6.806480525510992,-1.3557046979865772,-1.3298633979395063,-0.9322297231177812,-0.8861310019887081,1.1865915858965785,0.13333333333333333,0.0757238307349666
2020-05-01,869333,0.09443997509800187,0.9705346985210476,0.4593523679520723,-0.8349726775956288,-0.7470869928518126,-5.267122453271775,-1.0966678441069118,-1.19739401159488,-1.2818158692869492,-0.15567166251152967,1.2530683225318378,0.11857707509881422,0.06465517241379311
2020-06-01,885144,0.18433164003536312,0.7582480091012517,0.48545861297539156,-0.9063752276867035,-0.5491517501033346,-3.5548255399462874,-0.8402213587660425,-0.7270081472627901,0.2913217884743069,-1.0580037877480442,0.8209695344026534,0.18604651162790697,0.10714285714285714
2020-07-01,901254,0.2759232358952638,0.6318543799772484,0.6874834110643462,-0.871402550091075,-0.27649509310167725,-1.9464623620695247,-0.7702814082185329,-0.32720476691520733,-0.14566089423715314,-0.9290991984285422,1.4192601641199853,0.15867158671586715,0.09267241379310345
2020-08-01,869532,0.09557136725046123,0.49476678043230904,0.9354074242596596,-0.265938069216758,0.04920806409499943,-1.2754492004013334,-0.7349582008713057,-0.181452665949399,0.4661148615588909,-0.24160805539119773,0.5883009561792466,0.1976284584980237,0.10822510822510822
2020-09-01,872252,0.11103562179663937,0.4031854379977249,0.8491070412922308,-0.34098360655737714,0.4002257825726607,-0.9870144436626757,-0.8251501236312258,0.0032175242255390135,1.165287153897227,0.059169319687640484,-0.30913498839675135,0.24786324786324787,0.1288888888888889
2020-10-01,957059,0.5931962965384517,0.015017064846418229,0.8027907329465741,0.26156648451730424,0.7498854237283619,-0.6309302808078556,-0.8421052631578948,0.10414231416246396,0.815701007728059,0.875565052044487,-0.30913498839675135,0.23478260869565218,0.11612903225806452
2020-11-01,971046,0.6727178143095524,-0.3026166097838439,0.7450233193038334,-0.08233151183970858,1.0879561384035148,-0.24328736980922078,-0.7832332509125163,0.3069975499038363,2.039252519320147,-0.11270346607169564,-0.6082803032554173,0.28936170212765955,0.15212527964205816
2020-12-01,925597,0.41432262869585734,-0.5486916951080744,0.7173434952413453,-0.33224043715847,1.4118123104423574,0.16084665751002375,-0.6113269751560108,0.27215880123235076,1.777062909693271,-1.1439401806277123,0.854207902720283,0.23550724637681159,0.1400862068965517
2021-01-01,930677,0.44320439821592533,-0.5218430034129675,0.7408713456944604,-0.31402550091074694,1.7240795560006266,0.5181218992300506,-0.498763687742847,0.1979069684414628,0.3787183250165989,-0.026767073192027577,0.5218242195439875,0.196,0.10560344827586207
2021-02-01,855921,0.018187555254861716,-0.35995449374288785,0.6330906609031963,-0.16320582877959947,2.004386715249227,0.8690544039036954,-0.3219121629577299,0.2358407532355573,0.2913217884743069,-0.5853536269098699,-0.5085651983025287,0.22018348623853212,0.11455847255369929
2021-03-01,1002320,0.8505226292643961,-0.14038680318543692,0.457816706480112,-0.2819672131147542,2.2325437053352903,1.1680829840450198,-0.24820440362651608,0.44752329101321525,1.602269836608687,0.016201123247806454,0.056487063097173745,0.252,0.13548387096774195
2021-04-01,948755,0.545984837071002,-0.27258248009101005,0.5265043794790124,-0.046630236794171276,2.3812079028437467,1.410559527009364,-0.2623336865654068,0.420165131784599,0.640907934643475,-0.32754444827086576,0.18944053636769195,0.2139917695473251,0.11555555555555555
2021-05-01,1016707,0.932318302115817,-0.22844141069396937,0.7043188109050926,-0.006557377049180255,2.408097833818181,1.4693387848286072,-0.17473213234428356,0.37875284435724793,0.4661148615588909,0.14510571256730853,0.35563237795583974,0.2032520325203252,0.10775862068965517
2021-06-01,959818,0.608882281204961,-0.2509670079635941,0.6777196375080573,0.4772313296903461,2.301081340849238,1.4673052355465455,-0.0657011656658426,0.4316007551560974,0.640907934643475,0.7036922662851509,-0.6415186715730469,0.23853211009174313,0.11581291759465479
2021-07-01,981294,0.7309816674673588,0.007053469852106002,0.6202745231865923,0.6695810564663026,2.0846943542199874,1.4234386724623433,-0.018368067820558134,0.355489563478004,-0.14566089423715314,0.2310421054469766,0.4553474829087284,0.17768595041322313,0.09307359307359307
2021-08-01,906140,0.3037020402013764,0.19317406143344712,0.5818640276039888,1.0069216757741348,1.8009467324224844,1.3634973864819457,-0.12575061815612865,0.4067188728225085,-0.8448331865754892,0.059169319687640484,0.8874462710379126,0.1417004048582996,0.0755939524838013
2021-09-01,892140,0.2241066123901654,0.2978384527872587,0.5777120539946156,2.092531876138434,1.481979638742637,1.3170162600351045,-0.034381255151301256,0.35409596336384985,-0.49524704040632117,1.9068017666005037,-1.1068558280198606,0.20418848167539266,0.08666666666666667
2021-10-01,1008919,0.8880405027019805,0.4489192263936291,0.5651423804648694,1.771220400728598,1.1685353928386726,1.2890307484869101,0.17873542917696933,0.3773089393136699,1.165287153897227,0.44588308764614676,-0.14294314680860357,0.24267782426778242,0.125
2021-11-01,907449,0.31114421270172465,0.4499431171786137,0.6467599438820005,1.145355191256831,0.9020806222738785,1.2654028425431,0.12009890498057209,0.7680355237026602,0.11652871538972288,-0.06973526963186161,0.12296379973243285,0.19574468085106383,0.10267857142857142
2021-12-01,933520,0.459367955449302,0.4589306029579079,0.5918932241307396,0.5355191256830601,0.6922124067899417,1.2194058944967354,-0.04191687271870955,0.9838205641880261,0.640907934643475,-0.28457625183103175,0.555062587861617,0.2047244094488189,0.11255411255411256
2022-01-01,968363,0.6574639191083038,0.5762229806598411,0.641906495279263,1.3690346083788707,0.5196460484153175,1.1296392190462832,0.248675379724479,0.8868553947138147,0.2913217884743069,-0.9290991984285422,1.1865915858965785,0.17843866171003717,0.1038961038961039
2022-02-01,904241,0.29290548895755575,0.6254835039817971,0.7278845789254161,1.0251366120218581,0.3789492378622421,0.9871939336227453,0.49876368774284685,0.8250360759186678,0.029132178847430877,-0.9720673948683762,-0.24265825176149222,0.20179372197309417,0.10843373493975904
2022-03-01,933076,0.45684364331014643,0.883617747440273,0.8842755848784742,1.928597449908926,0.25753712528073697,0.7814181134153781,0.9725656422936535,0.8985459314902767,0.4661148615588909,-0.8431628055488741,1.1201148492613195,0.18587360594795538,0.10775862068965517
2022-04-01,967809,0.6543142143220602,1.0122866894197944,0.8733932430895234,3.0958105646630245,0.13005893399455426,0.5151199931470222,0.6742022842340749,0.8912232331795528,-0.49524704040632117,-1.7025267343455546,1.5854520057081332,0.14338235294117646,0.087248322147651
2022-05-01,973055,0.6841397582004611,1.4393629124004559,0.7020247980889548,3.752276867030966,-0.031823882780807326,0.19846731922793096,0.8804898151418815,1.0385725306269395,0.11652871538972288,-0.28457625183103175,0.7877311660850239,0.1803921568627451,0.09935205183585313
2022-06-01,903426,0.28827189798140307,1.5243458475540372,0.6798619800553597,1.7697632058287802,-0.23609681969833443,-0.1186792166596496,1.10114211703756,0.9259396465227514,1.165287153897227,-1.2298765735073804,0.6215393244968761,0.22137404580152673,0.12946428571428573
2022-07-01,1028420,0.9989112482552966,1.8662116040955634,0.49017935009289815,3.8134790528233156,-0.467304956834362,-0.3852872111043198,0.8472860002354881,0.9100037996606015,1.2526836904395189,-1.917367716544725,1.6851671106610218,0.2,0.12688172043010754
2022-08-01,939532,0.4935485063065163,1.9918088737201363,0.5378606908580744,4.467759562841532,-0.7159689144817446,-0.5897848003343923,0.5769457200047097,1.0415589435253159,-0.40785050386402916,-1.3158129663870484,1.7184054789786514,0.1444043321299639,0.08676789587852494
2022-09-01,804654,-0.2732852160020922,2.824004550625708,0.37944109505934087,2.7475409836065583,-1.001762706110978,-0.7494184189752574,0.3252089956434711,0.9833280735993366,1.077890617354935,-2.175176895183729,1.3527834274847264,0.20141342756183744,0.12751677852348994
2022-10-01,922328,0.3957370963019396,3.2229806598407267,0.3518181473476662,2.44808743169399,-1.3208565536742083,-0.8752757523980847,0.4092782291298715,0.9176755847576702,-0.05826435769486113,-1.1869083770675464,1.4857369007552446,0.16058394160583941,0.09544468546637744
2022-11-01,905978,0.3027810073938467,2.5112627986348097,0.4668790050430366,2.8670309653916215,-1.6370803311637396,-0.9750649207386392,0.3643000117744024,0.7310902123201584,1.340080226981811,-1.2728447699472143,0.6547776928145057,0.22641509433962265,0.13333333333333333
2022-12-01,847086,-0.032042845081713234,1.739021615472127,0.6003488416183217,1.0783242258652095,-1.8949339453562388,-1.043498695863607,0.11703756034381252,0.7211645477890841,0.5535113981011829,-0.19863985895136368,0.555062587861617,0.2015810276679842,0.1101511879049676
2023-01-01,912798,0.34155535151330807,1.1819112627986348,0.7819739885488947,-0.2265938069216758,-2.065617103177779,-1.0829786026393862,0.15424467208289172,0.7360958868017791,1.427476763524103,-0.5853536269098699,0.3888707462734693,0.2364341085271318,0.1328976034858388
2023-02-01,904999,0.29721501283476276,1.4491467576791806,0.7204337769688699,-0.1806921675774137,-2.1221131197705163,-1.1141693751988235,0.15636406452372542,0.5873209039869938,1.077890617354935,-1.7454949307853886,0.12296379973243285,0.23170731707317074,0.1357142857142857
2023-03-01,1023489,0.970876601502648,1.8472127417519904,0.820763659803587,-0.5675774134790529,-2.0698271428757935,-1.131435176960212,0.05840103614741561,0.47204664857661965,1.427476763524103,0.10213751612747451,0.056487063097173745,0.24596774193548387,0.13118279569892474
2023-04-01,1023677,0.9719454543903985,2.009670079635949,0.988037007545596,-0.4262295081967214,-1.9379487810665152,-1.1144986165111497,0.20463911456493575,0.5318499042782894,1.602269836608687,-1.7025267343455546,0.8874462710379126,0.2290909090909091,0.14
2023-05-01,1003815,0.8590222838770933,2.1029579067121724,0.9704811739278809,-0.5311475409836067,-1.7485875331438974,-1.0619652600582152,-0.011303426351112774,0.6365893118849183,1.514873300066395,0.10213751612747451,-0.17618151512623312,0.256198347107438,0.13507625272331156
2023-06-01,956576,0.5904502542789649,1.7445961319681453,0.8780950214234255,-0.14353369763205837,-1.5397424025758257,-0.9764884052360714,-0.02613917343694806,0.4650927745618414,2.651028275116191,-1.0150355913082103,-0.10970477849097401,0.2918287937743191,0.16741071428571427
2023-07-01,951367,0.5608350697454936,1.6261660978384518,0.8908732415728208,-0.2630236794171223,-1.3546002482000388,-0.8850755232239607,0.09796302837630981,0.5409255485854864,1.077890617354935,-1.1869083770675464,0.9539230076731717,0.21033210332103322,0.12445414847161572
2023-08-01,942740,0.5117872300506853,1.9921501706484634,0.8383384522049065,-0.16539162112932632,-1.1836002056700483,-0.8104055303007106,0.2401978099611445,0.44426179607886734,0.11652871538972288,0.2310421054469766,0.3888707462734693,0.18930041152263374,0.09935205183585313
2023-09-01,988266,0.7706201905173419,2.1172923777019332,0.8418837447389378,-0.04808743169398929,-1.012192739943488,-0.7551510912370374,0.4184622630401506,0.3869624871425831,0.4661148615588909,0.6607240698453168,-0.5418035666201582,0.228310502283105,0.111358574610245
2023-10-01,928954,0.4334084752074456,2.358703071672354,0.8446327683615822,0.42258652094717686,-0.828825139935034,-0.7078274943733414,0.34498999175791806,0.47360186090527023,1.777062909693271,-1.4447175557065506,0.8209695344026534,0.23636363636363636,0.1425438596491228
2023-11-01,1025786,0.9839359370513874,1.900227531285552,0.9579494179653436,-0.14061930783242266,-0.6241266721232795,-0.6410883436500961,0.1646061462380783,0.329462255632233,2.388838665489315,-1.3158129663870484,0.1562021680500624,0.2748091603053435,0.16143497757847533
2023-12-01,954153,0.5766745598799247,1.8273037542662112,1.0567625981117053,-0.3504553734061934,-0.4039008535973592,-0.5437007001759534,0.039561992228894206,0.46668077703641425,-0.05826435769486113,-1.4017493592667165,1.6519287423433924,0.15770609318996415,0.09544468546637744
2024-01-01,1005316,0.8675560508159953,2.050170648464162,1.0534827285481365,-0.6520947176684884,-0.18433596603476168,-0.41696216206423353,0.09819851642529145,0.24737951893383478,0.3787183250165989,-1.2298765735073804,1.2863066908494671,0.1794871794871795,0.10675381263616558
2024-02-01,952494,0.5672425016842961,2.143117178612058,1.0336139233306791,-0.7191256830601096,0.025305903228844184,-0.28581760050807875,0.1773225008830802,0.5052104507043234,0.9904940808126429,-1.4447175557065506,0.056487063097173745,0.23045267489711935,0.1320754716981132
2024-03-01,1047457,1.1071439739154412,2.131171786120591,1.2989420998748726,-0.8976320582877964,0.20774095680956522,-0.17951139089695262,0.22277169433651225,0.4254126356407298,1.340080226981811,0.31697849832664465,-0.24265825176149222,0.25210084033613445,0.13043478260869565
2024-04-01,1025091,0.9799845925993308,2.553697383390214,1.6150229401281617,-0.7315118397085613,0.3512444604946548,-0.12121631147821342,0.3294477805251382,0.5825214480018159,0.029132178847430877,-0.8431628055488741,0.7212544294497648,0.17857142857142858,0.10067114093959731
2024-05-01,1051960,1.1327452747321471,2.5259385665529006,1.6562393356842224,-0.29726775956284157,0.4467625654711563,-0.10487044867774115,0.13658306840927814,0.4757945927091662,1.514873300066395,-0.24160805539119773,0.2559172730029511,0.24313725490196078,0.1336206896551724
2024-06-01,1026933,0.9904570767442059,2.6936291240045502,1.6024343078148113,-0.2892531876138436,0.5053409672908746,-0.10043537452926778,0.14835747085835385,0.5273545991131735,1.165287153897227,-0.5853536269098699,0.1562021680500624,0.23387096774193547,0.1291759465478842
2024-07-01,1076986,1.2750277873323876,2.730602957906712,1.7297614985022565,-0.6987249544626596,0.5317782058246598,-0.06379275318034008,0.21664900506299312,0.5604462479261425,1.427476763524103,0.2310421054469766,-0.14294314680860357,0.25206611570247933,0.13203463203463203
2024-08-01,1030900,1.0130110097532825,2.39806598407281,1.8824745004360528,-0.6324225865209476,0.5311444364077588,0.019485931703578967,0.10385022960084767,0.6272644866385133,0.20392525193201488,-0.714258216229372,1.0536381126260603,0.17803030303030304,0.10173160173160173
2024-09-01,920631,0.38608899337368063,2.178156996587029,2.0621089750881594,-0.052459016393442685,0.5124029693649701,0.14793846135301966,-0.045449193453432395,0.657892940759834,0.815701007728059,-0.9720673948683762,0.5883009561792466,0.21011673151750973,0.12026726057906459
2024-10-01,1043017,1.0819008525238858,2.4759954493742877,2.3115876085390363,-0.20983606557377074,0.49203180953586256,0.30343719645371287,-0.0075356175674086276,0.5853961396853232,2.563631738573899,-1.3587811628268824,0.6547776928145057,0.26523297491039427,0.16017316017316016
2024-11-01,1005161,0.8666748157223712,2.8443686006825932,2.2278466613582073,0.2681238615664845,0.49085480919018,0.46321606861472914,-0.03767808783704247,0.6118719162453606,2.214045592404731,-1.8743995201048909,0.48858585122635795,0.25925925925925924,0.15873015873015872
2024-12-01,1011650,0.9035672965128675,3.311262798634811,2.2031623251052217,0.46484517304189443,0.5267985889775453,0.5947189221872349,-0.04921700223713654,0.7488856642336224,0.640907934643475,-0.9720673948683762,1.08687648094369,0.1925925925925926,0.11255411255411256
2025-01-01,1022641,0.966055392732369,3.578555176336743,2.3081371099230283,0.0357012750455373,0.5965132248371754,0.6720906305852117,0.07818203226186254,1.2094437160568667,0.029132178847430877,-1.3587811628268824,1.5854520057081332,0.1618705035971223,0.09761388286334056
2025-02-01,1037534,1.050727871760395,3.4381683731513064,2.686649224585751,0.6112932604735885,0.684878789251462,0.6899083957231665,-0.012009890498057342,1.199596754767333,-0.6700401134909052,-1.917367716544725,0.8874462710379126,0.14859437751004015,0.0883054892601432
2025-03-01,1064571,1.2044436990269458,3.5510807736063685,2.858889773632125,0.8189435336976321,0.7667255825204345,0.6608576916938909,-0.07582715177204753,1.2045164508658683,-0.32045396732173714,-2.003304109424393,2.1505042671078356,0.140893470790378,0.08932461873638345
