date,export_restored,export,gdp_growth,exchange_rate,gold_price,gas_price,china_lead,brent_price,trade,pos_ratio_total
2010-01-01,532120,-1.8227466676521338,3.7692307692307687,-0.051649601820249816,-0.6816251469305735,1.556284153005465,1.178041048793823,0.005180737077593285,-1.289499901527117,0.10672853828306264
2010-02-01,499905,-2.005901432433431,3.7692307692307687,0.15608646188850983,-0.7271831039320523,1.3245901639344264,1.1330142012325317,-0.051807370775933184,-1.2198286691880422,0.13157894736842105
2010-03-01,596361,-1.4575116763649905,3.7692307692307687,-0.06507394766780197,-0.6918060137261598,0.6367941712204009,1.0199467840230716,0.06782055810667598,-1.0594565174206443,0.12149532710280374
2010-04-01,584056,-1.5274703720233442,3.923076923076922,-0.2986348122866891,-0.6306260190346191,0.6739526411657559,0.856299208053095,0.20887789944660284,-1.1029355310352076,0.15776081424936386
2010-05-01,632723,-1.2507796087884724,3.923076923076922,0.2246871444823661,-0.51638038903424,0.9806921675774138,0.6648850760869922,0.0,-0.839024563350879,0.1320754716981132
2010-06-01,613076,-1.3624804209461054,3.923076923076922,0.7846416382252555,-0.46682212869222334,1.181056466302368,0.48062520990006785,-0.028023077828800133,-0.7390111639547668,0.12009237875288684
2010-07-01,615839,-1.3467716947287929,2.1538461538461533,0.7274175199089874,-0.5373488037007549,1.4047358834244084,0.33743983465517,-0.00871305781231613,-0.8115203695661792,0.1357142857142857
2010-08-01,604892,-1.409009633889459,2.1538461538461533,0.415927189988625,-0.5014977439047517,0.5981785063752276,0.25644153887547094,0.025668197338985125,-0.7866124815802956,0.13053613053613053
2010-09-01,553062,-1.7036832784219638,2.1538461538461533,0.26905574516496095,-0.4009403556667806,0.6389799635701275,0.24173276867211152,0.04450724125750619,-0.8193961025981192,0.1066350710900474
2010-10-01,584277,-1.5262139013414673,2.538461538461538,-0.22650739476677853,-0.2587873962006599,0.7599271402550094,0.2838078562266087,0.1582479689155775,-0.7128864723082291,0.13729977116704806
2010-11-01,598320,-1.4463740018591218,2.538461538461538,-0.1952218430034111,-0.20600614264588807,0.8633879781420765,0.35960304962144557,0.21971034969975267,-0.6468477703421586,0.11548556430446194
2010-12-01,600813,-1.4322003303210253,2.538461538461538,0.047667804323094996,-0.1682971220566493,1.0273224043715852,0.44840599897843086,0.36500647592134694,-0.7471968057057026,0.0963302752293578
2011-01-01,605345,-1.4064341532609963,1.846153846153846,-0.26496018202502775,-0.21635763849391454,1.0382513661202188,0.5359582025698331,0.4843989167549745,-0.5761705338773826,0.1048951048951049
2011-02-01,543474,-1.7581947756972418,1.846153846153846,-0.28691695108077103,-0.1963940393584351,0.7591985428051002,0.6115032468115503,0.6539503120216648,-0.6940379956822186,0.10224438902743142
2011-03-01,685815,-0.9489310049775569,1.846153846153846,-0.2378839590443667,-0.10753422060440611,1.0156648451730423,0.6649351059176104,0.9111032615094783,-0.6416667159564428,0.059734513274336286
2011-04-01,668010,-1.050159332990315,0.6153846153846151,-0.6430034129692824,0.0,1.2408014571949004,0.6871483507145184,1.1140939597315436,-0.7074766242550353,0.11084905660377359
2011-05-01,678358,-0.9913269410624284,0.6153846153846151,-0.6805460750853228,0.06339817237326023,1.2174863387978148,0.6742406544136135,0.9193453432238311,-0.5974657519783695,0.1319910514541387
2011-06-01,664658,-1.069216752563399,0.6153846153846151,-0.7063708759954477,0.09496454707465957,1.004735883424408,0.6236604956530969,0.8920287295419755,-0.6811209880771729,0.10714285714285714
2011-07-01,709731,-0.8129592727252053,0.07692307692307697,-0.9540386803185417,0.16977590717779545,0.837887067395264,0.540260768003468,0.9659719769221711,-0.5993823860188076,0.08447488584474885
2011-08-01,666203,-1.060432828565662,0.07692307692307697,-0.7985210466439108,0.526087286239715,0.7715846994535522,0.43114570741327274,0.807017543859649,-0.5508855155895264,0.0892018779342723
2011-09-01,643776,-1.1879390185315213,0.07692307692307697,-0.28156996587030686,0.5610662419899138,0.4888888888888889,0.31272509832708156,0.8684799246438242,-0.6348520681786372,0.0825242718446602
2011-10-01,682962,-0.9651514160879415,-0.30769230769230754,0.13754266211604246,0.3593068668714216,0.6841530054644811,0.19625565263521366,0.7912398445778874,-0.6145517454418313,0.12751677852348994
2011-11-01,671783,-1.0287083651951936,-0.30769230769230754,-0.12571103526734861,0.4891934933454671,0.40437158469945345,0.09569569308166305,0.8199693865536322,-0.6563666205858613,0.08470588235294117
2011-12-01,669370,-1.042427205717226,-0.30769230769230754,0.046530147895337215,0.3182800591514047,-0.0043715846994537184,0.020410803959185955,0.7516778523489933,-0.6912952320922037,0.07623318385650224
2012-01-01,664614,-1.0694669096222345,-0.3846153846153845,0.028327645051194613,0.3156637470139917,-0.35846994535519133,-0.02581675953707029,0.8180854821617801,-0.6453360428739943,0.11475409836065574
2012-02-01,624967,-1.2948754757958831,-0.3846153846153845,-0.2276450511945389,0.5043605202290222,-0.2761384335154828,-0.054038586991873964,1.0215471564818084,-0.7670467690487819,0.11302211302211303
2012-03-01,725597,-0.7227549114643,-0.3846153846153845,-0.19863481228668703,0.3748720282106697,-0.6331511839708565,-0.08027923315397768,1.1656658424584951,-0.7084634540905497,0.07482993197278912
2012-04-01,733184,-0.6796198749783244,-0.30769230769230754,-0.08885096700796288,0.32434686990482686,-0.5173041894353371,-0.10459873382013468,1.031437654539032,-0.7203980877207493,0.05868544600938967
2012-05-01,776172,-0.4352164284963002,-0.30769230769230754,0.12411831626848772,0.20079247715466556,-0.41748633879781427,-0.11991786795710449,0.8098434004474272,-0.6091608991899423,0.09545454545454546
2012-06-01,705322,-0.838026147098036,-0.30769230769230754,0.2519908987485787,0.2213627573654875,-0.12459016393442646,-0.12444556762853917,0.4523725420934886,-0.6704260975091888,0.07655502392344497
2012-07-01,727729,-0.7106336648861927,-0.3846153846153845,0.0,0.21721078375611416,0.15591985428051003,-0.11733132571385813,0.6280466266336984,-0.6831915792486266,0.05896805896805897
2012-08-01,655590,-1.1207718482342608,-0.3846153846153845,-0.13276450511945204,0.2875099533613922,-0.14280510018214954,-0.09649890424216763,0.8809607912398444,-0.6627557528795439,0.07582938388625593
2012-09-01,717103,-0.7710465945949019,-0.3846153846153845,-0.2113765642775871,0.5004170932392976,0.2367941712204006,-0.05843620910368851,0.8691863887907687,-0.6968112454568132,0.10679611650485436
2012-10-01,709966,-0.8116232066155171,-0.30769230769230754,-0.41444823663253466,0.502692147271831,0.5078324225865212,0.003745867378446346,0.8421052631578945,-0.7807423712767642,0.11036036036036036
2012-11-01,706466,-0.8315220635683199,-0.30769230769230754,-0.6352673492605218,0.46521063208584534,0.41238615664845174,0.08954202391495537,0.7797009301777934,-0.7637469160473309,0.09176470588235294
2012-12-01,698187,-0.8785913883432496,-0.30769230769230754,-0.7552901023890762,0.3961248246312515,0.2593806921675774,0.1941543997490215,0.7898269162839984,-0.7972725996045482,0.10089686098654709
2013-01-01,711314,-0.8039593039948376,-0.5384615384615384,-0.887485779294652,0.3687293823228303,0.2506375227686703,0.30487041491917,0.8715412692805837,-0.7486918887464147,0.09777777777777778
2013-02-01,653259,-1.1340244869648273,-0.5384615384615384,-0.6448236632536949,0.2873393243089523,0.3577413479052825,0.3985262578466474,0.9443070764158716,-0.787548694276499,0.0759493670886076
2013-03-01,769567,-0.4727684142600894,-0.5384615384615384,-0.4682593856655269,0.21795017631668723,0.7497267759562843,0.46526605189860776,0.765807135287884,-0.8532555747564873,0.09345794392523364
2013-04-01,763463,-0.5074720207857775,0.07692307692307697,-0.24493742889647271,0.023433056535092527,0.9821493624772315,0.5053899760587746,0.6193335688213822,-0.7914004993439776,0.09290953545232274
2013-05-01,755191,-0.5545015478468015,0.07692307692307697,-0.3718998862343549,-0.11616046714442846,0.7205828779599273,0.5279033998394203,0.6266336983398092,-0.7399065121626763,0.10854503464203233
2013-06-01,758860,-0.5336418603725634,0.07692307692307697,-0.09271899886234193,-0.25981117051530017,0.41530054644808745,0.5446633930983464,0.6351112681031437,-0.7449215079262836,0.09547738693467336
2013-07-01,756141,-0.5491004295310408,0.5384615384615384,-0.1835039817974956,-0.36440677966101714,0.3285974499089255,0.5614734161878981,0.7530907806428824,-0.6879344250283036,0.10730593607305935
2013-08-01,725111,-0.7255180098868892,0.5384615384615384,-0.3001137656427742,-0.24756379630682934,0.4269581056466302,0.5790839165674192,0.8319792770516895,-0.6694401609067624,0.07657657657657657
2013-09-01,705494,-0.8370482604134982,0.5384615384615384,-0.6372013651877125,-0.24071967542562483,0.4116575591985429,0.5919916128683241,0.8395148946190978,-0.6466799363306293,0.09285714285714286
2013-10-01,726446,-0.7179280173063202,0.769230769230769,-0.8709897610921487,-0.31067758692602315,0.4269581056466302,0.5926420006664319,0.7801719062757564,-0.626099701543309,0.08656036446469248
2013-11-01,748361,-0.5933327458432709,0.769230769230769,-0.9162684869169497,-0.3807113335608392,0.6987249544626596,0.5735806351988193,0.7497939479571412,-0.576281158503679,0.1053864168618267
2013-12-01,761891,-0.5164094502514363,0.769230769230769,-0.9862343572241153,-0.4847950555492362,0.8998178506375233,0.5318557564586922,0.8197338985046508,-0.6193001233377832,0.10816777041942605
2014-01-01,755495,-0.5527731899857581,0.6153846153846151,-0.8943117178612039,-0.44778750995336164,1.4193078324225865,0.4671671854623058,0.7575650535735311,-0.5282769813959279,0.06896551724137931
2014-02-01,684592,-0.9558842341356363,0.6153846153846151,-0.8197952218430019,-0.3414666514996402,1.1759562841530058,0.3893707988425203,0.7759331213940892,-0.6489536402318465,0.06578947368421052
2014-03-01,786424,-0.37692983378769057,0.6153846153846151,-0.8244596131968114,-0.2684942934061354,1.0025500910746818,0.30557083254789597,0.7424938184387142,-0.552370562541608,0.0888382687927107
2014-04-01,804291,-0.2753490117374829,0.4615384615384615,-1.1241183162684851,-0.34235771432904905,1.3260473588342447,0.2241722981232086,0.7490874838101966,-0.5109005350134723,0.08293838862559241
2014-05-01,784167,-0.38976175382839795,0.4615384615384615,-1.3466439135381087,-0.3621317256284838,1.1271402550091076,0.15097865592080287,0.7910043565289062,-0.5266442827012693,0.1070615034168565
2014-06-01,805832,-0.2665878292905489,0.4615384615384615,-1.41069397042093,-0.3765593599514659,1.068123861566485,0.08839133781060865,0.8442246555987282,-0.5030428625754295,0.08866995073891626
2014-07-01,800858,-0.29486694771433203,0.0,-1.4042093287827055,-0.31594812876805856,0.616393442622951,0.04096305837938748,0.7257741669610265,-0.4570872699712162,0.0735632183908046
2014-08-01,783387,-0.3941963562350226,0.0,-1.3424345847554024,-0.347988473059569,0.7795992714025505,0.011760646244361746,0.6042623336865652,-0.48222568509867125,0.06726457399103139
2014-09-01,749717,-0.585623360120985,0.0,-1.2527872582480066,-0.4549539301558414,0.8204007285974504,-0.0029831448404311397,0.49782173554692094,-0.37137718051847746,0.09692671394799054
2014-10-01,804653,-0.273290901389793,-0.30769230769230754,-0.9451649601820232,-0.4830887650248365,0.6397085610200367,0.0015095339495700855,0.2703402802307784,-0.41326102018330885,0.058426966292134834
2014-11-01,802223,-0.2871063935027389,-0.30769230769230754,-0.5490329920364043,-0.5758920107685893,0.7963570127504556,0.027665129399622148,0.08218532909454833,-0.42483622767006735,0.10250569476082004
2014-12-01,788747,-0.36372267815873033,-0.30769230769230754,-0.44402730375426547,-0.5301634247146707,-0.07723132969034634,0.07548364150971083,-0.3204992346638408,-0.310977496210813,0.07991360691144708
2015-01-01,801580,-0.29076209779435386,-0.2307692307692306,-0.6200227531285545,-0.43387176278769995,-0.22149362477231355,0.13406857317000775,-0.6638408100788885,-0.36111529834461653,0.07956989247311828
2015-02-01,743400,-0.6215379542269436,-0.2307692307692306,-0.5114903299203614,-0.46121032874530826,-0.19016393442622964,0.19840693535203116,-0.4203461674320028,-0.30944120167290873,0.06220095693779904
2015-03-01,861015,0.047148920202740925,-0.2307692307692306,-0.35028441410693895,-0.5648200811435942,-0.25865209471766853,0.2643462521140078,-0.4723890262569175,-0.19553413063945016,0.06926406926406926
2015-04-01,829294,-0.13319726305436083,-0.846153846153846,-0.6222980659840701,-0.529329238236075,-0.17777777777777798,0.31567685833387565,-0.38690686447662775,-0.29566351033206656,0.08053691275167785
2015-05-01,826986,-0.14631913786780906,-0.846153846153846,-0.5926052332195662,-0.5310355287604752,-0.2571948998178509,0.3264833017485884,-0.27952431414105744,-0.34932088286168894,0.07327586206896551
2015-06-01,801829,-0.28934643625685447,-0.846153846153846,-0.3544937428896453,-0.5616350054980475,-0.11876138433515504,0.2873099443702671,-0.34075120687625116,-0.28784530043133216,0.0957683741648107
2015-07-01,806588,-0.2622896761887435,0.3846153846153845,-0.0015927189988608934,-0.6576422856709518,-0.20327868852459016,0.2142163618291049,-0.456611326975156,-0.23490791716601495,0.09935205183585313
2015-08-01,821525,-0.17736704010188215,0.3846153846153845,0.40659840728100083,-0.6835968604254357,-0.22295081967213123,0.13336815554127465,-0.6930413281525962,-0.2596337198076382,0.07142857142857142
2015-09-01,812074,-0.23109963926215038,0.3846153846153845,0.47098976109215074,-0.6718613733742848,-0.34316939890710396,0.06197558724132343,-0.6671376427646297,-0.21118929843566797,0.05555555555555555
2015-10-01,798566,-0.3078978563245674,0.4615384615384615,0.05483503981797678,-0.6084442422174197,-0.49107468123861575,0.006537531927250816,-0.6480631107971271,-0.14939335744340185,0.09032258064516129
2015-11-01,784876,-0.3857308139485302,0.4615384615384615,0.09795221843003547,-0.7387100443635541,-0.5537340619307836,-0.039289792924017124,-0.7460261391734369,-0.23162732529126548,0.09555555555555556
2015-12-01,803276,-0.2811196802537957,0.4615384615384615,0.3285551763367472,-0.7771774162969708,-0.4794171220400729,-0.08404147641687632,-0.8934416578358648,-0.2566842008943267,0.10344827586206896
2016-01-01,791241,-0.3495433212329332,0.0,0.6633674630261673,-0.7262162059682257,-0.5078324225865212,-0.12559625373288588,-1.0655834216413516,-0.2270058806931741,0.08189655172413793
2016-02-01,798250,-0.30969443883802045,0.0,0.8417519908987479,-0.5367800401926216,-0.9355191256830604,-0.15433338844311326,-1.0307311903920875,-0.12135171366916046,0.0735632183908046
2016-03-01,823520,-0.16602469163878458,0.0,0.5102389078498304,-0.44549349713722386,-0.7548269581056468,-0.16670076257328184,-0.8887318968562345,-0.2503493331942262,0.0670995670995671
2016-04-01,790462,-0.353972238251857,0.6923076923076921,0.04721274175199189,-0.4494369241269485,-0.5952641165755923,-0.16513983185782602,-0.8093724243494643,-0.20686927805187807,0.058165548098434
2016-05-01,818510,-0.1945084840197965,0.6923076923076921,0.32025028441410763,-0.4198991392712245,-0.5151183970856106,-0.15161176565718992,-0.6878605910750029,-0.25068973521247084,0.05387931034482758
2016-06-01,815213,-0.21325320726933672,0.6923076923076921,0.3087599544937437,-0.38471163690137666,-0.05173041894353384,-0.12138874497743758,-0.6523018956787943,-0.15017715322737796,0.0625
2016-07-01,854864,0.012178100455115285,0.0,0.008304891922639562,-0.267716983278353,-0.08670309653916229,-0.07215438866069797,-0.7300129518426939,-0.16212058077355515,0.08172043010752689
2016-08-01,804086,-0.2765145162161471,0.0,-0.36040955631399096,-0.26132787320365564,-0.07868852459016402,-0.009351942278824835,-0.7090545154833392,-0.04611497245697478,0.07505518763796909
2016-09-01,763318,-0.5082964020023936,0.0,-0.40807736063708594,-0.28726348917453504,-0.06484517304189436,0.06557773504622531,-0.6918638879076887,-0.08050638948682648,0.08577878103837472
2016-10-01,822530,-0.17165322546257736,-0.15384615384615394,-0.20568828213879303,-0.4037272968566339,0.022586520947176468,0.14307394268226603,-0.6223949134581419,-0.14347677833497158,0.10021786492374728
2016-11-01,838673,-0.07987401180855025,-0.15384615384615394,0.20796359499431377,-0.45203427748075714,0.26010928961748625,0.21476668996596204,-0.7351936889202874,-0.02968262913646461,0.08240534521158129
2016-12-01,802793,-0.2838657225132825,-0.15384615384615394,0.4427758816837319,-0.6209570393963529,0.5311475409836067,0.2727012338281583,-0.533144942894148,-0.07593845640639718,0.05652173913043478
2017-01-01,775470,-0.4392075706622624,0.3846153846153845,0.47485779294652974,-0.5460698441587993,0.08888888888888884,0.3155767986726321,-0.5032379606734959,0.0,0.06236559139784946
2017-02-01,757734,-0.5400436069236652,0.3846153846153845,0.01774744027303949,-0.4660448185644414,-0.16102003642987262,0.34384365297499714,-0.496408807253032,-0.12759386469003386,0.06142506142506143
2017-03-01,859707,0.039712433090093494,0.3846153846153845,-0.09772468714448133,-0.4713911955408945,0.14207650273224037,0.35960304962144557,-0.5736488873189685,0.016842567911639943,0.07048458149779736
2017-04-01,882913,0.17164754007487656,0.0,-0.12093287827076075,-0.3981534144769273,0.20473588342440785,0.36865844896432914,-0.5566937477922995,0.009711865667569378,0.07029478458049887
2017-05-01,902550,0.2832914983555016,0.0,-0.20568828213879303,-0.4398248208394951,0.05537340619307839,0.37756375881533677,-0.6033203814906394,0.16291328833495997,0.07658643326039387
2017-06-01,874598,0.12437354134271801,0.0,-0.15153583617747352,-0.41455276229477145,0.029143897996357047,0.3896209479956398,-0.696573648887319,0.17038982895321905,0.0447427293064877
2017-07-01,902247,0.281568825882159,0.8461538461538457,-0.1019340159271877,-0.462025556440299,-0.14644808743169407,0.4011778388697038,-0.6468856705522196,0.17467160014360458,0.0603448275862069
2017-08-01,852722,0.0,0.8461538461538457,-0.1430034129692824,-0.3715731998634969,0.0327868852459016,0.4058806429483271,-0.5710585187801719,0.22649887889289114,0.05470459518599562
2017-09-01,842925,-0.05569974330474531,0.8461538461538457,-0.1339021615472124,-0.30836461532628096,0.008743169398907114,0.397425601572926,-0.46626633698339814,0.2382858500454568,0.06772009029345373
2017-10-01,817339,-0.20116607301743425,0.15384615384615394,-0.13412969283276396,-0.3716869525651239,-0.07213114754098378,0.3733112232123271,-0.43423996232191225,0.16960000010532497,0.13636363636363635
2017-11-01,875964,0.1321397809420119,0.15384615384615394,-0.43594994311717744,-0.37248322147651025,0.021857923497267624,0.3331872990521532,-0.3117861768515248,0.318073259150968,0.08314606741573034
2017-12-01,881023,0.16090215732036306,0.15384615384615394,-0.6550625711035253,-0.40403063739430517,-0.03060109289617506,0.2786047538417465,-0.27269516072059335,0.4287338207985926,0.09586056644880174
2018-01-01,839315,-0.07622399290463615,0.15384615384615394,-0.8721274175199064,-0.2806089561293748,0.0,0.21816871844836977,-0.16178028965030034,0.3340917046510946,0.11663066954643629
2018-02-01,820379,-0.18388249440699986,0.15384615384615394,-0.7255972696245723,-0.2807037500473974,-0.2389799635701278,0.15378032643572814,-0.2503237960673498,0.32355373207126636,0.081145584725537
2018-03-01,880470,0.15775813792182022,0.15384615384615394,-0.8130830489192232,-0.2894627080726503,-0.1908925318761385,0.08619002526317296,-0.23383963263864374,0.3156916708918285,0.11422413793103449
2018-04-01,897592,0.2551033461349313,0.2307692307692306,-0.8600682593856636,-0.27476965077920623,-0.16903460837887088,0.010284766240964693,-0.09042741080890151,0.30289228863547135,0.13111111111111112
2018-05-01,933552,0.4595498878557276,0.2307692307692306,-0.7618885096700766,-0.33331437454972934,-0.031329690346083905,-0.08048935844259975,0.024255269045095985,0.3484620995651673,0.15217391304347827
2018-06-01,919311,0.3785842816086236,0.2307692307692306,-0.5751990898748566,-0.37635081333181675,-0.05173041894353384,-0.1884837508268178,-0.036265159543153326,0.35499155171244207,0.08444444444444445
2018-07-01,934513,0.46501354543619716,-0.30769230769230754,-0.23390216154721188,-0.45692564365070354,-0.1551912568306012,-0.3072945925918765,-0.040032968326857474,0.39364553530136137,0.11182795698924732
2018-08-01,868890,0.09192134834654712,-0.30769230769230754,-0.2526734926052308,-0.5251772646267018,-0.05755919854280525,-0.42723110554596216,-0.08053691275167789,0.33640270386327953,0.09030837004405286
2018-09-01,928758,0.4322941392180886,-0.30769230769230754,-0.2589306029579063,-0.531206157812915,0.00947176684881596,-0.5401334243143687,0.0692334864005651,0.2942643237701964,0.10112359550561797
2018-10-01,894354,0.23669406075973837,0.3846153846153845,-0.14277588168373084,-0.49859705001327137,0.1938069216757742,-0.6447458001484278,0.11962792888260916,0.4139022099409098,0.09307359307359307
2018-11-01,965916,0.6435517754044443,0.3846153846153845,-0.16814562002275266,-0.48860577105372943,1.1781420765027326,-0.7342791850325228,-0.26374661485929596,0.2978192111941991,0.10762331838565023
2018-12-01,925196,0.41204278822783624,0.3846153846153845,-0.23276450511945151,-0.4323929776665534,-0.04007285974499102,-0.7997832422680776,-0.4377722830566349,0.38641301037287895,0.08714596949891068
2019-01-01,882778,0.17088001273526846,-0.846153846153846,-0.24300341296928188,-0.35449133583589293,-0.13187613843351556,-0.8288855947418527,-0.3894972330154246,0.38932486822564577,0.11037527593818984
2019-02-01,851200,-0.008653160080618798,-0.846153846153846,-0.2378839590443667,-0.3007242255336901,-0.13333333333333358,-0.8199052401449071,-0.28235017072883556,0.313769939390667,0.1223021582733813
2019-03-01,935325,0.4696300802492474,-0.846153846153846,-0.14379977246871284,-0.33667007924771586,-0.24262295081967233,-0.783398472738827,-0.23101377605086545,0.32349932712141777,0.09782608695652174
2019-04-01,917089,0.36595135013744423,-0.4615384615384615,-0.0274175199089858,-0.36544951275926146,-0.3060109289617487,-0.7369457750047639,-0.11115035911927466,0.26124475085141136,0.10986547085201794
2019-05-01,957264,0.5943618010171159,-0.4615384615384615,0.4542662116040958,-0.37113714784059465,-0.39417122040072866,-0.6922591302917148,-0.10903096667844128,0.3702908803843824,0.10217391304347827
2019-06-01,931667,0.44883293203971814,-0.4615384615384615,0.3670079635949938,-0.22560952489288297,-0.500546448087432,-0.6497537861938597,-0.2762274814553162,0.22906409758392376,0.09843400447427293
2019-07-01,940354,0.49822189499657454,-0.6153846153846151,0.3634812286689421,-0.12232207181587273,-0.5551912568306012,-0.6141225408236942,-0.2832921229247616,0.31923100222771233,0.08733624454148471
2019-08-01,907091,0.309108843904838,-0.6153846153846151,0.7465301478953362,0.03486520304857217,-0.5173041894353371,-0.5888074465281232,-0.39821029082774057,0.3212260394900401,0.10652173913043478
2019-09-01,857271,0.02586282865094278,-0.6153846153846151,0.6164960182025029,0.0606491487506162,-0.4845173041894355,-0.5718823548281363,-0.3089603202637467,0.26948966593771984,0.09821428571428571
2019-10-01,931748,0.44929344844348296,-0.2307692307692306,0.46382252559727155,0.027755659196905695,-0.2637522768670311,-0.5553024689594626,-0.3824325915459791,0.25807963383181637,0.11713665943600868
2019-11-01,917355,0.3674636632658573,-0.2307692307692306,0.2740614334471003,-0.012436962044515555,-0.5202185792349728,-0.5246792096347219,-0.3000117744024491,0.17893452503648608,0.13063063063063063
2019-12-01,920926,0.38776618274541685,-0.2307692307692306,0.36951080773606354,0.003393622265195397,-0.587249544626594,-0.47281828721023855,-0.20346167432002826,0.14070263396951027,0.12473118279569892
2020-01-01,876483,0.1350904971587275,-1.3846153846153844,0.23799772468714506,0.1508929587077692,-0.8408014571949002,-1.565064546402813,-0.2896503002472625,0.12201676882194332,0.09090909090909091
2020-02-01,911882,0.33634753637937453,-1.3846153846153844,0.5737201365187714,0.2254388958404427,-0.9551912568306015,-6.126879559345879,-0.4778052513834924,0.04136666469261531,0.10368663594470046
2020-03-01,991667,0.7899561940877653,-1.3846153846153844,0.8729237770193394,0.2143100898646343,-0.9872495446265942,-7.725547776043336,-1.0347344872247735,-0.36389524169576626,0.05603448275862069
2020-04-01,905596,0.3006091892921408,-4.307692307692307,0.9313993174061437,0.3784931558791187,-0.7621129326047361,-4.984153201054031,-1.3557046979865772,-1.3298633979395063,0.0757238307349666
2020-05-01,869333,0.09443997509800187,-4.307692307692307,0.9705346985210476,0.4593523679520723,-0.8349726775956288,-1.9716769918135102,-1.0966678441069118,-1.19739401159488,0.06465517241379311
2020-06-01,885144,0.18433164003536312,-4.307692307692307,0.7582480091012517,0.48545861297539156,-0.9063752276867035,-0.35973586105159366,-0.8402213587660425,-0.7270081472627901,0.10714285714285714
2020-07-01,901254,0.2759232358952638,-2.9230769230769225,0.6318543799772484,0.6874834110643462,-0.871402550091075,0.0417635356693641,-0.7702814082185329,-0.32720476691520733,0.09267241379310345
2020-08-01,869532,0.09557136725046123,-2.9230769230769225,0.49476678043230904,0.9354074242596596,-0.265938069216758,0.493232727217228,-0.7349582008713057,-0.181452665949399,0.10822510822510822
2020-09-01,872252,0.11103562179663937,-2.9230769230769225,0.4031854379977249,0.8491070412922308,-0.34098360655737714,1.047563250527329,-0.8251501236312258,0.0032175242255390135,0.1288888888888889
2020-10-01,957059,0.5931962965384517,-2.6923076923076916,0.015017064846418229,0.8027907329465741,0.26156648451730424,1.2267701038212597,-0.8421052631578948,0.10414231416246396,0.11612903225806452
2020-11-01,971046,0.6727178143095524,-2.6923076923076916,-0.3026166097838439,0.7450233193038334,-0.08233151183970858,1.3599495129414287,-0.7832332509125163,0.3069975499038363,0.15212527964205816
2020-12-01,925597,0.41432262869585734,-2.6923076923076916,-0.5486916951080744,0.7173434952413453,-0.33224043715847,1.4403474507536453,-0.6113269751560108,0.27215880123235076,0.1400862068965517
2021-01-01,930677,0.44320439821592533,-0.3846153846153845,-0.5218430034129675,0.7408713456944604,-0.31402550091074694,1.4694648121766123,-0.498763687742847,0.1979069684414628,0.10560344827586207
2021-02-01,855921,0.018187555254861716,-0.3846153846153845,-0.35995449374288785,0.6330906609031963,-0.16320582877959947,1.4390466751574298,-0.3219121629577299,0.2358407532355573,0.11455847255369929
2021-03-01,1002320,0.8505226292643961,-0.3846153846153845,-0.14038680318543692,0.457816706480112,-0.2819672131147542,1.3568476634427658,-0.24820440362651608,0.44752329101321525,0.13548387096774195
2021-04-01,948755,0.545984837071002,3.076923076923076,-0.27258248009101005,0.5265043794790124,-0.046630236794171276,1.2324234746817357,-0.2623336865654068,0.420165131784599,0.11555555555555555
2021-05-01,1016707,0.932318302115817,3.076923076923076,-0.22844141069396937,0.7043188109050926,-0.006557377049180255,1.0738789414353707,-0.17473213234428356,0.37875284435724793,0.10775862068965517
2021-06-01,959818,0.608882281204961,3.076923076923076,-0.2509670079635941,0.6777196375080573,0.4772313296903461,0.8863171064272892,-0.0657011656658426,0.4316007551560974,0.11581291759465479
2021-07-01,981294,0.7309816674673588,1.2307692307692302,0.007053469852106002,0.6202745231865923,0.6695810564663026,0.6781429812022601,-0.018368067820558134,0.355489563478004,0.09307359307359307
2021-08-01,906140,0.3037020402013764,1.2307692307692302,0.19317406143344712,0.5818640276039888,1.0069216757741348,0.46951858750161746,-0.12575061815612865,0.4067188728225085,0.0755939524838013
2021-09-01,892140,0.2241066123901654,1.2307692307692302,0.2978384527872587,0.5777120539946156,2.092531876138434,0.27845466434987765,-0.034381255151301256,0.35409596336384985,0.08666666666666667
2021-10-01,1008919,0.8880405027019805,0.9999999999999997,0.4489192263936291,0.5651423804648694,1.771220400728598,0.1155575358392594,0.17873542917696933,0.3773089393136699,0.125
2021-11-01,907449,0.31114421270172465,0.9999999999999997,0.4499431171786137,0.6467599438820005,1.145355191256831,-0.02326023519220054,0.12009890498057209,0.7680355237026602,0.10267857142857142
2021-12-01,933520,0.459367955449302,0.9999999999999997,0.4589306029579079,0.5918932241307396,0.5355191256830601,-0.15349789027169608,-0.04191687271870955,0.9838205641880261,0.11255411255411256
2022-01-01,968363,0.6574639191083038,0.3846153846153845,0.5762229806598411,0.641906495279263,1.3690346083788707,-0.29605789263380594,0.248675379724479,0.8868553947138147,0.1038961038961039
2022-02-01,904241,0.29290548895755575,0.3846153846153845,0.6254835039817971,0.7278845789254161,1.0251366120218581,-0.45840469300756703,0.49876368774284685,0.8250360759186678,0.10843373493975904
2022-03-01,933076,0.45684364331014643,0.3846153846153845,0.883617747440273,0.8842755848784742,1.928597449908926,-0.6279057591605066,0.9725656422936535,0.8985459314902767,0.10775862068965517
2022-04-01,967809,0.6543142143220602,0.0,1.0122866894197944,0.8733932430895234,3.0958105646630245,-0.7867204534922398,0.6742022842340749,0.8912232331795528,0.087248322147651
2022-05-01,973055,0.6841397582004611,0.0,1.4393629124004559,0.7020247980889548,3.752276867030966,-0.9186891407113159,0.8804898151418815,1.0385725306269395,0.09935205183585313
2022-06-01,903426,0.28827189798140307,0.0,1.5243458475540372,0.6798619800553597,1.7697632058287802,-1.0139709531340664,1.10114211703756,0.9259396465227514,0.12946428571428573
2022-07-01,1028420,0.9989112482552966,0.30769230769230754,1.8662116040955634,0.49017935009289815,3.8134790528233156,-1.0706947750951696,0.8472860002354881,0.9100037996606015,0.12688172043010754
2022-08-01,939532,0.4935485063065163,0.30769230769230754,1.9918088737201363,0.5378606908580744,4.467759562841532,-1.077859046840476,0.5769457200047097,1.0415589435253159,0.08676789587852494
2022-09-01,804654,-0.2732852160020922,0.30769230769230754,2.824004550625708,0.37944109505934087,2.7475409836065583,-1.0329322589404353,0.3252089956434711,0.9833280735993366,0.12751677852348994
2022-10-01,922328,0.3957370963019396,-1.4615384615384612,3.2229806598407267,0.3518181473476662,2.44808743169399,-0.9369850497703853,0.4092782291298715,0.9176755847576702,0.09544468546637744
2022-11-01,905978,0.3027810073938467,-1.4615384615384612,2.5112627986348097,0.4668790050430366,2.8670309653916215,-0.785509731591147,0.3643000117744024,0.7310902123201584,0.13333333333333333
2022-12-01,847086,-0.032042845081713234,-1.4615384615384612,1.739021615472127,0.6003488416183217,1.0783242258652095,-0.5815281061723815,0.11703756034381252,0.7211645477890841,0.1101511879049676
2023-01-01,912798,0.34155535151330807,-1.4615384615384612,1.1819112627986348,0.7819739885488947,-0.2265938069216758,-0.3441165479308862,0.15424467208289172,0.7360958868017791,0.1328976034858388
2023-02-01,904999,0.29721501283476276,-1.4615384615384612,1.4491467576791806,0.7204337769688699,-0.1806921675774137,-0.09805983495762345,0.15636406452372542,0.5873209039869938,0.1357142857142857
2023-03-01,1023489,0.970876601502648,-1.4615384615384612,1.8472127417519904,0.820763659803587,-0.5675774134790529,0.13406857317000775,0.05840103614741561,0.47204664857661965,0.13118279569892474
2023-04-01,1023677,0.9719454543903985,-1.538461538461538,2.009670079635949,0.988037007545596,-0.4262295081967214,0.33874061025137847,0.20463911456493575,0.5318499042782894,0.14
2023-05-01,1003815,0.8590222838770933,-1.538461538461538,2.1029579067121724,0.9704811739278809,-0.5311475409836067,0.5153959421835107,-0.011303426351112774,0.6365893118849183,0.13507625272331156
2023-06-01,956576,0.5904502542789649,-1.538461538461538,1.7445961319681453,0.8780950214234255,-0.14353369763205837,0.6649851357482357,-0.02613917343694806,0.4650927745618414,0.16741071428571427
2023-07-01,951367,0.5608350697454936,-1.2307692307692306,1.6261660978384518,0.8908732415728208,-0.2630236794171223,0.7756010912571407,0.09796302837630981,0.5409255485854864,0.12445414847161572
2023-08-01,942740,0.5117872300506853,-1.2307692307692306,1.9921501706484634,0.8383384522049065,-0.16539162112932632,0.8336356947805804,0.2401978099611445,0.44426179607886734,0.09935205183585313
2023-09-01,988266,0.7706201905173419,-1.2307692307692306,2.1172923777019332,0.8418837447389378,-0.04808743169398929,0.8297333679919338,0.4184622630401506,0.3869624871425831,0.111358574610245
2023-10-01,928954,0.4334084752074456,-0.6923076923076921,2.358703071672354,0.8446327683615822,0.42258652094717686,0.7667958410673765,0.34498999175791806,0.47360186090527023,0.1425438596491228
2023-11-01,1025786,0.9839359370513874,-0.6923076923076921,1.900227531285552,0.9579494179653436,-0.14061930783242266,0.6533782150435463,0.1646061462380783,0.329462255632233,0.16143497757847533
2023-12-01,954153,0.5766745598799247,-0.6923076923076921,1.8273037542662112,1.0567625981117053,-0.3504553734061934,0.5012375001170155,0.039561992228894206,0.46668077703641425,0.09544468546637744
2024-01-01,1005316,0.8675560508159953,0.2307692307692306,2.050170648464162,1.0534827285481365,-0.6520947176684884,0.32258097495994176,0.09819851642529145,0.24737951893383478,0.10675381263616558
2024-02-01,952494,0.5672425016842961,0.2307692307692306,2.143117178612058,1.0336139233306791,-0.7191256830601096,0.13076660434885065,0.1773225008830802,0.5052104507043234,0.1320754716981132
2024-03-01,1047457,1.1071439739154412,0.2307692307692306,2.131171786120591,1.2989420998748726,-0.8976320582877964,-0.06010720544652287,0.22277169433651225,0.4254126356407298,0.13043478260869565
2024-04-01,1025091,0.9799845925993308,-0.5384615384615384,2.553697383390214,1.6150229401281617,-0.7315118397085613,-0.2365574150730899,0.3294477805251382,0.5825214480018159,0.10067114093959731
2024-05-01,1051960,1.1327452747321471,-0.5384615384615384,2.5259385665529006,1.6562393356842224,-0.29726775956284157,-0.38815280484582754,0.13658306840927814,0.4757945927091662,0.1336206896551724
2024-06-01,1026933,0.9904570767442059,-0.5384615384615384,2.6936291240045502,1.6024343078148113,-0.2892531876138436,-0.5068085541359535,0.14835747085835385,0.5273545991131735,0.1291759465478842
2024-07-01,1076986,1.2750277873323876,-1.1538461538461535,2.730602957906712,1.7297614985022565,-0.6987249544626596,-0.5812929659684468,0.21664900506299312,0.5604462479261425,0.13203463203463203
2024-08-01,1030900,1.0130110097532825,-1.1538461538461535,2.39806598407281,1.8824745004360528,-0.6324225865209476,-0.5977127563791309,0.10385022960084767,0.6272644866385133,0.10173160173160173
2024-09-01,920631,0.38608899337368063,-1.1538461538461535,2.178156996587029,2.0621089750881594,-0.052459016393442685,-0.5471926334153676,-0.045449193453432395,0.657892940759834,0.12026726057906459
2024-10-01,1043017,1.0819008525238858,-1.3846153846153844,2.4759954493742877,2.3115876085390363,-0.20983606557377074,-0.4355210484803026,-0.0075356175674086276,0.5853961396853232,0.16017316017316016
2024-11-01,1005161,0.8666748157223712,-1.3846153846153844,2.8443686006825932,2.2278466613582073,0.2681238615664845,-0.28561666698264804,-0.03767808783704247,0.6118719162453606,0.15873015873015872
2024-12-01,1011650,0.9035672965128675,-1.3846153846153844,3.311262798634811,2.2031623251052217,0.46484517304189443,-0.11580541587983575,-0.04921700223713654,0.7488856642336224,0.11255411255411256
2025-01-01,1022641,0.966055392732369,-1.4615384615384612,3.578555176336743,2.3081371099230283,0.0357012750455373,0.05962418520201179,0.07818203226186254,1.2094437160568667,0.09761388286334056
2025-02-01,1037534,1.050727871760395,-1.4615384615384612,3.4381683731513064,2.686649224585751,0.6112932604735885,0.23497874153792137,-0.012009890498057342,1.199596754767333,0.0883054892601432
2025-03-01,1064571,1.2044436990269458,-1.4615384615384612,3.5510807736063685,2.858889773632125,0.8189435336976321,0.40508016565835053,-0.07582715177204753,1.2045164508658683,0.08932461873638345
